adv_net_dim,alpha,anneal_cap,anneal_period,batch_size,epochs,dropout,balanced_accuracy,ndcg@10
50,100.0,0.1,45,1024,100,0.6,0.6718983118882047,0.15476076304912567
100,100.0,0.1,45,1024,100,0.6,0.6430410193706598,0.1541668325662613
50,500.0,0.1,45,1024,100,0.6,0.6424476108168976,0.13437892794609071
200,100.0,0.1,45,1024,100,0.6,0.6074421298192012,0.14799430668354033
100,500.0,0.1,45,1024,100,0.6,0.5913060664951864,0.13469937741756438
50,3000.0,0.1,45,1024,100,0.6,0.5894444584971426,0.1224259778857231
100,1000.0,0.1,45,1024,100,0.6,0.5794207130714952,0.1256646767258644
50,1000.0,0.1,45,1024,100,0.6,0.5716891640208942,0.12654384970664978
100,2300.0,0.1,45,1024,100,0.6,0.553415030901517,0.12148123234510422
200,500.0,0.1,45,1024,100,0.6,0.5513884546557857,0.13148594796657562
200,2300.0,0.1,45,1024,100,0.6,0.5392522220694985,0.11934681087732314
200,1000.0,0.1,45,1024,100,0.6,0.536878415174387,0.125605209171772
50,2300.0,0.1,45,1024,100,0.6,0.5112068888983483,0.12255488187074662
100,3000.0,0.1,45,1024,100,0.6,0.5110814033838456,0.11923585534095765
200,3000.0,0.1,45,1024,100,0.6,0.5027380500774421,0.11733427941799163
