mi_logvar,club_weight,latent_dim_domain,prioritize_bias,anneal_cap,anneal_period,batch_size,epochs,dropout,balanced_accuracy,ndcg@10
-1.0,100.0,50,True,0.1,75,1024,150,0.6,0.6726888272575628,0.30955336093902586
-1.5,200.0,50,True,0.1,75,1024,150,0.6,0.6827041094131974,0.29504714012145994
-1.5,100.0,50,True,0.1,75,1024,150,0.6,0.6576962198838721,0.29343652725219727
-1.0,500.0,50,True,0.1,75,1024,150,0.6,0.666485713978932,0.2827144175767899
-1.5,500.0,50,True,0.1,75,1024,150,0.6,0.6482879436554747,0.2713645339012146
-1.0,200.0,50,True,0.1,75,1024,150,0.6,0.6372175717392683,0.26967105865478513

--------------------------------------------------

club_weight,latent_dim_domain,prioritize_bias,anneal_cap,anneal_period,batch_size,epochs,dropout,balanced_accuracy,ndcg@10
100.0,2,True,0.1,75,1024,150,0.6,0.7056931031534257,0.3472608864307404
500.0,2,True,0.1,75,1024,150,0.6,0.6841312675135335,0.3349821627140045
3000.0,2,True,0.1,75,1024,150,0.6,0.6985582585359128,0.3332870364189148
10000.0,2,True,0.1,75,1024,150,0.6,0.6825221011383164,0.329299509525299
100.0,200,True,0.1,75,1024,150,0.6,0.688473608761698,0.3230744421482086
100.0,50,True,0.1,75,1024,150,0.6,0.6545115282883083,0.31755174398422237
100.0,100,True,0.1,75,1024,150,0.6,0.6998836300987406,0.3147513628005981
1000.0,2,True,0.1,75,1024,150,0.6,0.6755817133008815,0.31452282071113585
500.0,50,True,0.1,75,1024,150,0.6,0.6877521612413158,0.30771807432174686
500.0,200,True,0.1,75,1024,150,0.6,0.6560044950077758,0.3020442068576813
3000.0,50,True,0.1,75,1024,150,0.6,0.6936305212514666,0.301332426071167
1000.0,100,True,0.1,75,1024,150,0.6,0.6808598100826937,0.29439111351966857
1000.0,50,True,0.1,75,1024,150,0.6,0.6731313384755964,0.292796140909195
1000.0,200,True,0.1,75,1024,150,0.6,0.7160605995266838,0.285472771525383
3000.0,200,True,0.1,75,1024,150,0.6,0.6747038831625479,0.2831782579421997
500.0,100,True,0.1,75,1024,150,0.6,0.644363344269324,0.28030028045177463
50000.0,2,True,0.1,75,1024,150,0.6,0.6800507410019861,0.2724515467882156
3000.0,100,True,0.1,75,1024,150,0.6,0.6586825857603641,0.26721088290214534
10000.0,50,True,0.1,75,1024,150,0.6,0.6421525582962203,0.2617675483226776
10000.0,200,True,0.1,75,1024,150,0.6,0.6825405241577654,0.26007301211357114
50000.0,100,True,0.1,75,1024,150,0.6,0.6778420794769133,0.25832913219928744
10000.0,100,True,0.1,75,1024,150,0.6,0.6713627040234427,0.2460000306367874
50000.0,50,True,0.1,75,1024,150,0.6,0.667995542383889,0.23736367225646976
50000.0,200,True,0.1,75,1024,150,0.6,0.6656218743160534,0.23560912013053897

SORTED BY BIAS


club_weight,latent_dim_domain,prioritize_bias,anneal_cap,anneal_period,batch_size,epochs,dropout,balanced_accuracy,ndcg@10
10000.0,50,True,0.1,75,1024,150,0.6,0.6421525582962203,0.2617675483226776
500.0,100,True,0.1,75,1024,150,0.6,0.644363344269324,0.28030028045177463
100.0,50,True,0.1,75,1024,150,0.6,0.6545115282883083,0.31755174398422237
500.0,200,True,0.1,75,1024,150,0.6,0.6560044950077758,0.3020442068576813
3000.0,100,True,0.1,75,1024,150,0.6,0.6586825857603641,0.26721088290214534
50000.0,200,True,0.1,75,1024,150,0.6,0.6656218743160534,0.23560912013053897
50000.0,50,True,0.1,75,1024,150,0.6,0.667995542383889,0.23736367225646976
10000.0,100,True,0.1,75,1024,150,0.6,0.6713627040234427,0.2460000306367874
1000.0,50,True,0.1,75,1024,150,0.6,0.6731313384755964,0.292796140909195
3000.0,200,True,0.1,75,1024,150,0.6,0.6747038831625479,0.2831782579421997
1000.0,2,True,0.1,75,1024,150,0.6,0.6755817133008815,0.31452282071113585
50000.0,100,True,0.1,75,1024,150,0.6,0.6778420794769133,0.25832913219928744
50000.0,2,True,0.1,75,1024,150,0.6,0.6800507410019861,0.2724515467882156
1000.0,100,True,0.1,75,1024,150,0.6,0.6808598100826937,0.29439111351966857
10000.0,2,True,0.1,75,1024,150,0.6,0.6825221011383164,0.329299509525299
10000.0,200,True,0.1,75,1024,150,0.6,0.6825405241577654,0.26007301211357114
500.0,2,True,0.1,75,1024,150,0.6,0.6841312675135335,0.3349821627140045
500.0,50,True,0.1,75,1024,150,0.6,0.6877521612413158,0.30771807432174686
100.0,200,True,0.1,75,1024,150,0.6,0.688473608761698,0.3230744421482086
3000.0,50,True,0.1,75,1024,150,0.6,0.6936305212514666,0.301332426071167
3000.0,2,True,0.1,75,1024,150,0.6,0.6985582585359128,0.3332870364189148
100.0,100,True,0.1,75,1024,150,0.6,0.6998836300987406,0.3147513628005981
100.0,2,True,0.1,75,1024,150,0.6,0.7056931031534257,0.3472608864307404
1000.0,200,True,0.1,75,1024,150,0.6,0.7160605995266838,0.285472771525383