club_weight,latent_dim_domain,prioritize_bias,anneal_cap,balanced_accuracy,ndcg@10,ndcg@10_std,ndcg@50,ndcg@50_std,recall@10,recall@10_std,recall@50,recall@50_std
10.0,50,True,0.2,0.6246849196001738,0.31671014428138733,0.2356075644493103,0.33347630500793457,0.1599665880203247,0.13227885961532593,0.11186441779136658,0.3573876917362213,0.18320542573928833
5.0,100,True,0.4,0.563928726640591,0.31626757979393005,0.23073695600032806,0.3365658223628998,0.15987321734428406,0.13284240663051605,0.11661861836910248,0.36089810729026794,0.18277540802955627
20.0,100,True,0.1,0.5598435462842243,0.3142501413822174,0.2304341048002243,0.3360823690891266,0.16313347220420837,0.13448312878608704,0.12088114768266678,0.36110255122184753,0.18538090586662292
20.0,200,False,0.1,0.623902651021295,0.311494916677475,0.2513924539089203,0.31657907366752625,0.171556755900383,0.11945950239896774,0.10753124952316284,0.3276505470275879,0.17399583756923676
2.0,200,False,0.4,0.6152542372881356,0.31067997217178345,0.21957319974899292,0.3393532335758209,0.15763220191001892,0.13461828231811523,0.1206517145037651,0.3684690594673157,0.18716996908187866
5.0,100,False,0.2,0.5896566710126032,0.30901116132736206,0.22783048450946808,0.33574995398521423,0.16140007972717285,0.1343773901462555,0.12120860815048218,0.36412790417671204,0.1845480054616928
10.0,100,False,0.2,0.6372446762277271,0.3076033294200897,0.23100748658180237,0.3263079524040222,0.15910285711288452,0.12741002440452576,0.10949518531560898,0.3485185205936432,0.17589160799980164
15.0,50,True,0.1,0.5895262929161235,0.30749452114105225,0.23095880448818207,0.3298870325088501,0.15974681079387665,0.1320188343524933,0.11946861445903778,0.35856834053993225,0.183258518576622
20.0,50,True,0.1,0.6059973924380704,0.3071790039539337,0.23347872495651245,0.33200445771217346,0.16102878749370575,0.1297416388988495,0.12000708281993866,0.3610862195491791,0.18175722658634186
20.0,100,True,0.4,0.5931334202520643,0.30580776929855347,0.23402155935764313,0.3280278444290161,0.16601966321468353,0.13002939522266388,0.1193230003118515,0.3538803458213806,0.1852104216814041
20.0,50,False,0.2,0.6121251629726205,0.30492961406707764,0.22299139201641083,0.3351794183254242,0.16050595045089722,0.13211826980113983,0.1223052442073822,0.3689320385456085,0.1895248293876648
2.0,200,False,0.8,0.5531073446327683,0.3041042387485504,0.23584245145320892,0.3232700526714325,0.1657838523387909,0.12408071011304855,0.10888905823230743,0.3440389037132263,0.17681506276130676
15.0,50,False,0.1,0.5678400695349848,0.3035770356655121,0.22153852880001068,0.3334609866142273,0.1558150202035904,0.13111859560012817,0.11757612228393555,0.3634345829486847,0.18072687089443207
10.0,200,True,0.2,0.5901781833985225,0.3021228313446045,0.23585298657417297,0.3087306618690491,0.16706785559654236,0.1216537281870842,0.10753183811903,0.3209068775177002,0.17604519426822662
20.0,200,True,0.1,0.6568883094306823,0.30197569727897644,0.23117226362228394,0.3186853528022766,0.16211998462677002,0.12462107092142105,0.11326300352811813,0.3371245563030243,0.17866967618465424
15.0,200,True,0.2,0.5578009561060409,0.3005799949169159,0.2247820794582367,0.329394668340683,0.16157166659832,0.13005514442920685,0.1182582899928093,0.3601040840148926,0.185360848903656
5.0,200,True,0.2,0.6388092133854846,0.30003660917282104,0.22062437236309052,0.32917141914367676,0.15789537131786346,0.13005152344703674,0.1171954944729805,0.357591450214386,0.18171387910842896
20.0,100,True,0.2,0.5877879182963929,0.2999148368835449,0.2251223474740982,0.327189177274704,0.16064579784870148,0.12808680534362793,0.11384592950344086,0.3544641435146332,0.1771736592054367
15.0,200,True,0.4,0.5242068665797479,0.2979402542114258,0.22141456604003906,0.3268893361091614,0.158903107047081,0.1314493715763092,0.12560196220874786,0.35676848888397217,0.18421408534049988
2.0,100,True,0.1,0.567057800956106,0.29770660400390625,0.22133293747901917,0.3281877636909485,0.15869253873825073,0.13003051280975342,0.11921936273574829,0.3562111258506775,0.18504951894283295
2.0,100,True,0.2,0.6323772272924815,0.2955770790576935,0.2161434292793274,0.33084553480148315,0.15412618219852448,0.13003800809383392,0.11706642806529999,0.3681524991989136,0.18448355793952942
15.0,100,False,0.8,0.5987831377661886,0.2954693138599396,0.22569416463375092,0.3230511248111725,0.15940868854522705,0.12725475430488586,0.11603550612926483,0.35240381956100464,0.17949917912483215
20.0,100,False,0.2,0.5528031290743155,0.2953866124153137,0.22265546023845673,0.3236829936504364,0.1578315645456314,0.12929293513298035,0.11923514306545258,0.35260507464408875,0.1829279661178589
20.0,50,True,0.2,0.6452411994784877,0.29468676447868347,0.21503517031669617,0.3256251811981201,0.1555611938238144,0.12892837822437286,0.11938591301441193,0.35870668292045593,0.18433891236782074
10.0,100,False,0.4,0.6157322903085615,0.2932344675064087,0.20879676938056946,0.33050522208213806,0.1539202183485031,0.13381853699684143,0.11814310401678085,0.36596670746803284,0.18361398577690125
15.0,2,True,0.2,0.6480660582355497,0.29296791553497314,0.20289945602416992,0.3388320207595825,0.14972403645515442,0.13745439052581787,0.12213172763586044,0.3823937773704529,0.18798814713954926
2.0,50,True,0.1,0.6193394176445024,0.29248949885368347,0.20624089241027832,0.33598342537879944,0.15256164968013763,0.13786229491233826,0.12535688281059265,0.3758862614631653,0.18835178017616272
15.0,100,False,0.4,0.6067796610169491,0.29200804233551025,0.2214738130569458,0.3231293261051178,0.1574510782957077,0.12399215251207352,0.10979092866182327,0.3525477647781372,0.17506112158298492
15.0,50,True,0.2,0.5326814428509343,0.29184889793395996,0.20856863260269165,0.32523560523986816,0.15341949462890625,0.13136520981788635,0.11682093888521194,0.3576467037200928,0.18395236134529114
10.0,50,False,0.1,0.6052151238591916,0.29136672616004944,0.2118244171142578,0.32702937722206116,0.1521158665418625,0.13150295615196228,0.12103048712015152,0.36435240507125854,0.18950292468070984
2.0,200,True,0.8,0.6093003042155585,0.29135555028915405,0.22705203294754028,0.32118359208106995,0.15815632045269012,0.12353202700614929,0.11386029422283173,0.35195282101631165,0.1806328445672989
10.0,100,False,0.8,0.6549760973489787,0.2911999821662903,0.22016115486621857,0.320157915353775,0.15927191078662872,0.12326542288064957,0.11323435604572296,0.34461936354637146,0.17523182928562164
5.0,2,True,0.8,0.6691003911342894,0.2909422516822815,0.20889924466609955,0.3321756422519684,0.15479394793510437,0.13294948637485504,0.12277068942785263,0.3716701865196228,0.18951478600502014
20.0,50,False,0.4,0.5849630595393307,0.29058337211608887,0.2210601419210434,0.3178603947162628,0.1597626954317093,0.12435322999954224,0.11160590499639511,0.34360459446907043,0.1750953197479248
15.0,50,False,0.2,0.5821382007822686,0.2904528081417084,0.21085557341575623,0.3283511996269226,0.15511471033096313,0.13096295297145844,0.11897213757038116,0.36246252059936523,0.18834462761878967
10.0,100,True,0.1,0.5687961755758366,0.2901303470134735,0.21722690761089325,0.32231852412223816,0.15791095793247223,0.12690022587776184,0.11855709552764893,0.35549816489219666,0.18427127599716187
10.0,50,False,0.2,0.5728813559322035,0.2900954484939575,0.21093253791332245,0.3301369547843933,0.15498360991477966,0.12934556603431702,0.11689161509275436,0.3669463098049164,0.1832915097475052
2.0,50,False,0.1,0.5695784441547154,0.2900054454803467,0.2038707137107849,0.3332734704017639,0.15101361274719238,0.13613779842853546,0.12396698445081711,0.3753160238265991,0.18813063204288483
15.0,2,False,0.2,0.6193394176445024,0.2898733913898468,0.1956682801246643,0.3392375409603119,0.1529446840286255,0.14017215371131897,0.12575401365756989,0.3798685669898987,0.1915585696697235
2.0,100,True,0.8,0.6639287266405911,0.2897282540798187,0.21848677098751068,0.3223598599433899,0.15848934650421143,0.12921841442584991,0.11910941451787949,0.3562163710594177,0.18406042456626892
20.0,50,False,0.1,0.5465015210777923,0.2893475592136383,0.21643757820129395,0.32213500142097473,0.156643345952034,0.12937727570533752,0.11819835752248764,0.355482280254364,0.18061096966266632
5.0,50,True,0.2,0.5901347240330291,0.2889155447483063,0.2065429985523224,0.33424675464630127,0.15617682039737701,0.13316000998020172,0.12171251326799393,0.3732679784297943,0.1871740072965622
5.0,100,False,0.8,0.6318991742720557,0.28883370757102966,0.2248072624206543,0.31611886620521545,0.15739798545837402,0.12114448845386505,0.10907721519470215,0.3464954197406769,0.17604027688503265
10.0,200,False,0.1,0.58748370273794,0.28862571716308594,0.22585144639015198,0.3099597096443176,0.1613747924566269,0.1221422329545021,0.11321457475423813,0.3328671455383301,0.17796868085861206
20.0,200,False,0.4,0.6075619295958279,0.28841742873191833,0.21979118883609772,0.30821219086647034,0.1572231650352478,0.11945070326328278,0.10708866268396378,0.3283160328865051,0.17545734345912933
10.0,100,False,0.1,0.5372446762277271,0.28837713599205017,0.21431148052215576,0.3286612927913666,0.1567280888557434,0.12898358702659607,0.12161391228437424,0.36654922366142273,0.18872296810150146
20.0,100,True,0.8,0.6270317253368101,0.2883142828941345,0.2122311294078827,0.3185935318470001,0.15661323070526123,0.1264592409133911,0.11365438997745514,0.3462219536304474,0.18051359057426453
10.0,2,True,0.4,0.6234245980008692,0.2883129417896271,0.2011907547712326,0.3335777223110199,0.15038539469242096,0.13839875161647797,0.1262819916009903,0.3777613043785095,0.18995897471904755
20.0,2,False,0.1,0.6400695349847892,0.2878476679325104,0.20151692628860474,0.3360438048839569,0.15389159321784973,0.13891713321208954,0.12986616790294647,0.3790201246738434,0.19388896226882935
2.0,50,False,0.2,0.6339417644502391,0.2877567708492279,0.20462778210639954,0.3306613564491272,0.15232837200164795,0.1370408833026886,0.12286246567964554,0.37356099486351013,0.19407127797603607
10.0,2,True,0.2,0.6731855714906563,0.28772926330566406,0.19581559300422668,0.3394404649734497,0.15086017549037933,0.1409735530614853,0.12816546857357025,0.384125679731369,0.1945761740207672
15.0,200,True,0.1,0.6243807040417211,0.28764474391937256,0.21875528991222382,0.321690171957016,0.1586577445268631,0.1274937242269516,0.1214374527335167,0.3554624617099762,0.1839938461780548
20.0,200,True,0.4,0.621077792264233,0.28757017850875854,0.22119522094726562,0.3131984770298004,0.16245430707931519,0.11908300220966339,0.1077134907245636,0.33817151188850403,0.18240219354629517
10.0,2,False,0.2,0.6229465449804433,0.2872743010520935,0.19665662944316864,0.33741506934165955,0.14842355251312256,0.13457924127578735,0.11923183500766754,0.38024577498435974,0.1880977302789688
10.0,2,False,0.8,0.6416340721425468,0.2871081233024597,0.20222191512584686,0.3322353959083557,0.15051637589931488,0.1324380338191986,0.12063953280448914,0.37073221802711487,0.1861628144979477
10.0,2,True,0.8,0.6618861364624076,0.2871053218841553,0.2084401398897171,0.32875385880470276,0.1495732069015503,0.1342313140630722,0.12287881970405579,0.36987829208374023,0.18433065712451935
15.0,100,False,0.2,0.5485441112559757,0.2864651679992676,0.2185831218957901,0.32149139046669006,0.1558351218700409,0.1234448254108429,0.11235453188419342,0.35144802927970886,0.17510001361370087
5.0,2,True,0.4,0.7355063016079966,0.28631481528282166,0.19639892876148224,0.3339897692203522,0.1513892412185669,0.1373029500246048,0.12608051300048828,0.376293420791626,0.19159631431102753
15.0,200,True,0.8,0.6460234680573664,0.2862846255302429,0.23006419837474823,0.30376675724983215,0.1614512801170349,0.11601840704679489,0.10757654905319214,0.32570379972457886,0.17275497317314148
2.0,200,False,0.2,0.5559322033898305,0.2862721383571625,0.21938782930374146,0.3168866038322449,0.15548966825008392,0.12417101114988327,0.11277522891759872,0.34880733489990234,0.17913155257701874
20.0,2,False,0.4,0.6752281616688396,0.2856859862804413,0.20245744287967682,0.3320905566215515,0.15179842710494995,0.13538599014282227,0.12073872983455658,0.3764413595199585,0.19112852215766907
20.0,200,False,0.8,0.6118209474141678,0.2855384349822998,0.22542855143547058,0.3131522238254547,0.1572919636964798,0.11956319957971573,0.1108541190624237,0.34247469902038574,0.1783752739429474
2.0,200,True,0.4,0.6526292916123424,0.285391628742218,0.20751316845417023,0.319842129945755,0.15496987104415894,0.12595966458320618,0.11427195370197296,0.3509945869445801,0.18383832275867462
10.0,2,False,0.1,0.6278139939156888,0.2853294909000397,0.19528861343860626,0.33580800890922546,0.1502968817949295,0.13815687596797943,0.12308543920516968,0.38145554065704346,0.1910589635372162
5.0,100,False,0.4,0.617296827466319,0.2852928340435028,0.21110296249389648,0.31829848885536194,0.1564497947692871,0.1274840235710144,0.11700014024972916,0.347768098115921,0.17996370792388916
2.0,100,False,0.2,0.6618861364624076,0.2846055328845978,0.2023429572582245,0.32902833819389343,0.151962012052536,0.13257595896720886,0.12121019512414932,0.36863577365875244,0.18703685700893402
15.0,50,False,0.4,0.6096045197740113,0.2842366397380829,0.21077553927898407,0.3211801052093506,0.15458762645721436,0.1273401975631714,0.11710625141859055,0.3574542999267578,0.18175241351127625
5.0,50,False,0.4,0.5849630595393307,0.28413739800453186,0.2056712806224823,0.32510149478912354,0.15333165228366852,0.1286012977361679,0.11678148806095123,0.3623518645763397,0.1793968379497528
2.0,50,False,0.4,0.5898305084745763,0.2838726043701172,0.2054588943719864,0.3292962312698364,0.1498415619134903,0.13079340755939484,0.11669567227363586,0.3724472224712372,0.18379393219947815
2.0,200,True,0.2,0.5711429813124729,0.28367361426353455,0.2074292153120041,0.32317301630973816,0.15160813927650452,0.12634851038455963,0.11607380211353302,0.3603612184524536,0.18385788798332214
2.0,100,False,0.4,0.6165145588874403,0.28360024094581604,0.20770442485809326,0.3271973133087158,0.15245302021503448,0.1302446722984314,0.11710307002067566,0.36839306354522705,0.1884107142686844
10.0,50,False,0.4,0.6157322903085615,0.2835933268070221,0.21054576337337494,0.32281941175460815,0.15439705550670624,0.1295410543680191,0.12105144560337067,0.361238956451416,0.18088200688362122
15.0,50,False,0.8,0.613689700130378,0.28357094526290894,0.21963827311992645,0.314693421125412,0.1598788946866989,0.1192159354686737,0.10984820872545242,0.34330886602401733,0.18068283796310425
20.0,2,True,0.4,0.6675358539765319,0.2835591435432434,0.19593624770641327,0.32945069670677185,0.15159572660923004,0.13558542728424072,0.12278396636247635,0.3730444610118866,0.1927095204591751
20.0,100,False,0.1,0.5939156888309431,0.28354549407958984,0.2130604386329651,0.31500935554504395,0.15554141998291016,0.1245143711566925,0.11600307375192642,0.3413858115673065,0.1740598976612091
2.0,100,True,0.4,0.5642329421990439,0.2834623456001282,0.20604614913463593,0.32380011677742004,0.15348267555236816,0.12844042479991913,0.1163630411028862,0.35954391956329346,0.1812886744737625
5.0,2,False,0.2,0.6816601477618427,0.28330090641975403,0.19741864502429962,0.33661869168281555,0.1501391977071762,0.13654080033302307,0.12299083173274994,0.38269928097724915,0.18890570104122162
10.0,2,False,0.4,0.6541938287700999,0.28329765796661377,0.19765684008598328,0.3305562436580658,0.15362484753131866,0.13527889549732208,0.12750458717346191,0.3733159899711609,0.19104774296283722
15.0,200,False,0.4,0.5461973055193394,0.2832738161087036,0.21527574956417084,0.3164999783039093,0.15991172194480896,0.12175530940294266,0.11294746398925781,0.34790709614753723,0.18725605309009552
15.0,2,False,0.4,0.6298565840938722,0.2832140028476715,0.20173214375972748,0.3348628282546997,0.15265768766403198,0.13220715522766113,0.12282583117485046,0.37901735305786133,0.19025591015815735
20.0,50,True,0.4,0.6003476749239461,0.2832089066505432,0.2088887244462967,0.31921595335006714,0.15419434010982513,0.12458757311105728,0.11447681486606598,0.3528420925140381,0.18130381405353546
5.0,50,False,0.8,0.624206866579748,0.2829294800758362,0.21813689172267914,0.31552934646606445,0.15852004289627075,0.11844604462385178,0.10743535310029984,0.3455975651741028,0.17697730660438538
15.0,100,True,0.2,0.597522816166884,0.28290486335754395,0.21611906588077545,0.3120824694633484,0.15723028779029846,0.12125324457883835,0.1104327067732811,0.3382895886898041,0.1759626716375351
10.0,200,True,0.8,0.6505867014341591,0.2829017639160156,0.22142048180103302,0.3047657608985901,0.15665274858474731,0.11753274500370026,0.10814209282398224,0.32668113708496094,0.17411839962005615
5.0,100,True,0.2,0.6177748804867449,0.28244492411613464,0.20749427378177643,0.31862103939056396,0.1515657901763916,0.1255224049091339,0.1146637350320816,0.3513263761997223,0.1771477907896042
10.0,200,False,0.4,0.5720990873533246,0.2822000980377197,0.21889790892601013,0.31171101331710815,0.156437948346138,0.12131065875291824,0.11398836225271225,0.3416231870651245,0.1792127639055252
10.0,200,False,0.2,0.5678400695349848,0.28219929337501526,0.2145432084798813,0.31954774260520935,0.15726995468139648,0.1266547590494156,0.11948759108781815,0.3556515574455261,0.1875496506690979
5.0,200,True,0.4,0.6221642764015646,0.28211745619773865,0.21143828332424164,0.3196081817150116,0.15464897453784943,0.12647241353988647,0.11734798550605774,0.35604509711265564,0.18387021124362946
2.0,50,True,0.4,0.5644067796610169,0.2818335294723511,0.20298191905021667,0.33028700947761536,0.1517389416694641,0.12955701351165771,0.11932650208473206,0.37348994612693787,0.18822628259658813
20.0,2,False,0.2,0.6355063016079965,0.2818015515804291,0.19706663489341736,0.3330918848514557,0.15027649700641632,0.13841557502746582,0.13010628521442413,0.3802614212036133,0.18988889455795288
5.0,2,True,0.2,0.660625814863103,0.280662477016449,0.19729070365428925,0.3336262106895447,0.1516040563583374,0.13785789906978607,0.13270477950572968,0.37986430525779724,0.19467395544052124
2.0,50,False,0.8,0.5983050847457627,0.28035685420036316,0.20317070186138153,0.3228193521499634,0.15305763483047485,0.12889735400676727,0.1202959194779396,0.3608744144439697,0.18404711782932281
10.0,100,True,0.4,0.6031725336810083,0.2803380489349365,0.21377208828926086,0.3174394965171814,0.15268591046333313,0.12263067811727524,0.11467763036489487,0.35227441787719727,0.18079183995723724
20.0,2,True,0.1,0.6019122120817036,0.28028416633605957,0.19448770582675934,0.33371880650520325,0.1495242863893509,0.13806748390197754,0.12700451910495758,0.38362544775009155,0.1971472203731537
5.0,2,False,0.1,0.637070838765754,0.280220627784729,0.20064853131771088,0.33410853147506714,0.1503392457962036,0.13558201491832733,0.12296848744153976,0.3831673264503479,0.19414374232292175
10.0,50,True,0.1,0.5623641894828335,0.2795722782611847,0.209041565656662,0.3182300925254822,0.15843409299850464,0.1258985698223114,0.11851067841053009,0.3526563346385956,0.18454383313655853
5.0,50,False,0.1,0.6326814428509344,0.27956241369247437,0.20466089248657227,0.31983253359794617,0.14843697845935822,0.12975594401359558,0.11686007678508759,0.36028677225112915,0.1861257553100586
5.0,50,True,0.4,0.6468057366362451,0.27935537695884705,0.2071462869644165,0.32255470752716064,0.15318724513053894,0.12511326372623444,0.11934351176023483,0.36453452706336975,0.18694539368152618
5.0,50,False,0.2,0.6023902651021296,0.27924901247024536,0.1999184787273407,0.3227219581604004,0.15301576256752014,0.12844428420066833,0.11925183981657028,0.36008328199386597,0.18376471102237701
5.0,200,True,0.1,0.5862233811386354,0.27904343605041504,0.21320587396621704,0.3109550178050995,0.15235184133052826,0.12395213544368744,0.11500344425439835,0.34183400869369507,0.1761954426765442
20.0,2,True,0.2,0.6427205562798783,0.27889540791511536,0.20001961290836334,0.3323361575603485,0.1525508314371109,0.13672834634780884,0.12817831337451935,0.38101810216903687,0.19146977365016937
2.0,2,True,0.1,0.6406779661016949,0.27879342436790466,0.19356924295425415,0.33341893553733826,0.1498558074235916,0.13811810314655304,0.12826554477214813,0.3812485635280609,0.1937667727470398
5.0,100,True,0.8,0.5749239461103868,0.27872177958488464,0.21982604265213013,0.30815619230270386,0.16151638329029083,0.11707209795713425,0.1060265377163887,0.33310097455978394,0.17969998717308044
20.0,200,True,0.8,0.5314211212516298,0.2786829471588135,0.22705674171447754,0.298833966255188,0.15924116969108582,0.11411736160516739,0.10822834074497223,0.319762647151947,0.1721816211938858
5.0,200,False,0.4,0.6059973924380704,0.2784419655799866,0.20806749165058136,0.3189147114753723,0.15392044186592102,0.12449589371681213,0.11886802315711975,0.35691213607788086,0.1847604662179947
2.0,2,False,0.4,0.6282920469361147,0.27841874957084656,0.19538217782974243,0.32994315028190613,0.14941081404685974,0.13735029101371765,0.12744379043579102,0.3777520954608917,0.19150841236114502
5.0,100,False,0.1,0.5978270317253368,0.2784068286418915,0.20571155846118927,0.3145429193973541,0.15256185829639435,0.12541402876377106,0.1125897765159607,0.34738844633102417,0.1777230054140091
5.0,200,False,0.8,0.6059973924380704,0.27818921208381653,0.22220641374588013,0.30071166157722473,0.16081120073795319,0.11173925548791885,0.10456009209156036,0.321376234292984,0.17193791270256042
15.0,2,True,0.4,0.6278139939156888,0.2776855528354645,0.20019379258155823,0.3309437334537506,0.14867672324180603,0.13230444490909576,0.12437595427036285,0.3796149790287018,0.19137881696224213
15.0,100,False,0.1,0.5541938287700999,0.27766773104667664,0.20853473246097565,0.31097692251205444,0.15113715827465057,0.12308284640312195,0.11373119056224823,0.34543120861053467,0.1788697987794876
5.0,200,False,0.2,0.6080399826162538,0.2775892913341522,0.20897766947746277,0.3124992847442627,0.15813709795475006,0.12266282737255096,0.11584744602441788,0.3399685323238373,0.1741252988576889
10.0,200,True,0.1,0.6223381138635375,0.277223140001297,0.20916597545146942,0.3135574162006378,0.1550237238407135,0.12129279971122742,0.11592552810907364,0.34886953234672546,0.18283957242965698
2.0,200,False,0.1,0.5785310734463277,0.2770478427410126,0.2103824019432068,0.3153184652328491,0.15303844213485718,0.12204661220312119,0.11467259377241135,0.35151535272598267,0.18171891570091248
2.0,2,False,0.1,0.6691003911342894,0.2770201861858368,0.19170773029327393,0.33406001329421997,0.14935705065727234,0.13897046446800232,0.1279752552509308,0.3832840323448181,0.19501616060733795
15.0,100,True,0.8,0.607735767057801,0.27674445509910583,0.2222975641489029,0.2993142604827881,0.15639817714691162,0.11476418375968933,0.10463901609182358,0.32241177558898926,0.17095927894115448
10.0,200,True,0.4,0.6149500217296828,0.27674126625061035,0.20574192702770233,0.31529417634010315,0.15325585007667542,0.12745662033557892,0.1209680587053299,0.35264813899993896,0.18489444255828857
2.0,50,True,0.2,0.6657974793568013,0.27671825885772705,0.20182260870933533,0.32786402106285095,0.15329501032829285,0.13000507652759552,0.12040885537862778,0.3719821572303772,0.19261083006858826
15.0,2,True,0.8,0.6683181225554107,0.2764073312282562,0.19994479417800903,0.3261112868785858,0.15223494172096252,0.12989047169685364,0.12285348773002625,0.36908331513404846,0.18735598027706146
15.0,2,False,0.1,0.6380269448066058,0.27622905373573303,0.19259308278560638,0.33255448937416077,0.14755086600780487,0.1352851837873459,0.12664593756198883,0.3821879029273987,0.1905989795923233
10.0,100,True,0.8,0.5990873533246415,0.27616509795188904,0.22344613075256348,0.3016285300254822,0.15781979262828827,0.11313296854496002,0.1039055734872818,0.3266974985599518,0.16841226816177368
10.0,50,True,0.4,0.6634506736201651,0.27596357464790344,0.2129112035036087,0.3132016062736511,0.15708599984645844,0.12229165434837341,0.11659961193799973,0.3461323380470276,0.18212996423244476
10.0,50,False,0.8,0.6424163407214255,0.2759059965610504,0.21995453536510468,0.310289591550827,0.1613861620426178,0.11676184833049774,0.11104108393192291,0.3424130380153656,0.18205472826957703
10.0,200,False,0.8,0.6129074315514994,0.27572154998779297,0.22362548112869263,0.3040992319583893,0.15913300216197968,0.11161725968122482,0.10117493569850922,0.32810550928115845,0.16954557597637177
15.0,100,True,0.4,0.5711429813124729,0.2754925787448883,0.20758040249347687,0.31137722730636597,0.15420231223106384,0.121819868683815,0.11448772996664047,0.34434548020362854,0.17927327752113342
10.0,100,True,0.2,0.5554541503694046,0.2754308879375458,0.23769277334213257,0.2863513231277466,0.1663854718208313,0.10625012964010239,0.10367272049188614,0.3003746271133423,0.16531449556350708
2.0,100,False,0.1,0.6165145588874403,0.2751851975917816,0.1994730532169342,0.3200684189796448,0.14667098224163055,0.12494207173585892,0.11196769773960114,0.3606248199939728,0.18154308199882507
2.0,2,True,0.8,0.7088222511951325,0.27510759234428406,0.20097453892230988,0.3250529170036316,0.15003643929958344,0.12964333593845367,0.1200941801071167,0.3704853057861328,0.18958032131195068
2.0,2,False,0.8,0.7311169056931769,0.27483460307121277,0.2020946592092514,0.32643935084342957,0.15217359364032745,0.13078121840953827,0.12433301657438278,0.3712361454963684,0.18643973767757416
20.0,50,False,0.8,0.6129074315514994,0.2745853066444397,0.20780999958515167,0.3103146553039551,0.15497900545597076,0.12072833627462387,0.11408377438783646,0.34482866525650024,0.18499408662319183
15.0,50,True,0.4,0.5983050847457627,0.27440527081489563,0.1992570012807846,0.3164611756801605,0.1489384025335312,0.12558920681476593,0.1152941882610321,0.3576463758945465,0.1844017207622528
5.0,2,False,0.4,0.6314211212516297,0.274384468793869,0.19674275815486908,0.32810938358306885,0.14813050627708435,0.13192644715309143,0.12638722360134125,0.37693890929222107,0.19179154932498932
20.0,200,False,0.2,0.6110386788352891,0.27420926094055176,0.2394353598356247,0.28079450130462646,0.16414740681648254,0.10419946908950806,0.10059014707803726,0.29203346371650696,0.16630567610263824
5.0,200,True,0.8,0.6350282485875707,0.2742026746273041,0.21359874308109283,0.3109469711780548,0.153875932097435,0.11719825118780136,0.10555316507816315,0.3449152112007141,0.1774034947156906
20.0,50,True,0.8,0.5898305084745763,0.27379462122917175,0.20290978252887726,0.3161465525627136,0.14792640507221222,0.12302213907241821,0.11331049352884293,0.3541446626186371,0.18032774329185486
20.0,2,False,0.8,0.707561929595828,0.2737622857093811,0.20289304852485657,0.322012335062027,0.15295840799808502,0.1253860890865326,0.11331979185342789,0.3639167845249176,0.18652930855751038
20.0,2,True,0.8,0.650412863972186,0.2728090286254883,0.20525537431240082,0.31941288709640503,0.15169669687747955,0.12150492519140244,0.11029870808124542,0.36033499240875244,0.18586066365242004
15.0,50,True,0.8,0.6578009561060408,0.2728067636489868,0.21285071969032288,0.31146878004074097,0.15659882128238678,0.11599192023277283,0.10908253490924835,0.3430287539958954,0.17695432901382446
15.0,2,False,0.8,0.6485441112559757,0.27184823155403137,0.20065926015377045,0.31967321038246155,0.15240824222564697,0.12727782130241394,0.11847753822803497,0.3623228073120117,0.1877792626619339
15.0,100,True,0.1,0.5595393307257714,0.2706012725830078,0.21111449599266052,0.30579668283462524,0.15305832028388977,0.11971858888864517,0.11574959754943848,0.34099048376083374,0.18367992341518402
2.0,2,False,0.2,0.6921773142112125,0.2704806327819824,0.19617241621017456,0.32852092385292053,0.15225832164287567,0.13451752066612244,0.1316310614347458,0.3765295445919037,0.19687741994857788
20.0,100,False,0.8,0.5736636245110821,0.2704666554927826,0.2196817696094513,0.29569709300994873,0.15573742985725403,0.11159088462591171,0.10412269830703735,0.32019150257110596,0.16793273389339447
5.0,50,True,0.8,0.6311169056931769,0.2704014480113983,0.20548291504383087,0.3112810254096985,0.15617014467716217,0.11992846429347992,0.11050249636173248,0.34601885080337524,0.18238788843154907
15.0,200,False,0.8,0.6097783572359843,0.2698400020599365,0.21793688833713531,0.2956247329711914,0.15772344172000885,0.11282932013273239,0.10678991675376892,0.3211076855659485,0.1747201681137085
10.0,50,True,0.8,0.5987831377661886,0.2692275643348694,0.2108439952135086,0.3016302287578583,0.15504752099514008,0.11399101465940475,0.10350770503282547,0.3297911286354065,0.17477138340473175
2.0,50,True,0.8,0.6334637114298132,0.2691842317581177,0.20083467662334442,0.31571462750434875,0.14971347153186798,0.12538591027259827,0.11778745800256729,0.3590213656425476,0.18327465653419495
5.0,2,True,0.1,0.6383311603650587,0.26897886395454407,0.18983134627342224,0.3289913535118103,0.14920978248119354,0.13488277792930603,0.12806452810764313,0.3815227150917053,0.19136621057987213
5.0,100,True,0.1,0.6198174706649283,0.2688930928707123,0.20764212310314178,0.30553147196769714,0.15234589576721191,0.12237396091222763,0.11711634695529938,0.34037867188453674,0.18270215392112732
2.0,2,True,0.2,0.6570186875271622,0.26799890398979187,0.19290518760681152,0.32800057530403137,0.153355211019516,0.13359032571315765,0.12836727499961853,0.38183024525642395,0.20095355808734894
2.0,100,False,0.8,0.6593654932637983,0.26783373951911926,0.20510321855545044,0.314589262008667,0.155899316072464,0.12045040726661682,0.11213259398937225,0.3547542691230774,0.1833638697862625
5.0,2,False,0.8,0.6711429813124729,0.26706960797309875,0.19388356804847717,0.32138755917549133,0.1479838788509369,0.12833596765995026,0.12137142568826675,0.3698788583278656,0.19202087819576263
15.0,200,False,0.2,0.5000434593654932,0.2669510841369629,0.20760577917099,0.30347833037376404,0.1505737155675888,0.11598896235227585,0.11008422076702118,0.33517003059387207,0.17539642751216888
15.0,2,True,0.1,0.6916992611907866,0.2656496465206146,0.19362972676753998,0.31894925236701965,0.14869612455368042,0.13132470846176147,0.12448343634605408,0.3686569929122925,0.19220225512981415
20.0,100,False,0.4,0.5308126901347241,0.2649279236793518,0.20774775743484497,0.29624491930007935,0.15227290987968445,0.11220506578683853,0.1070929616689682,0.32555896043777466,0.17553174495697021
5.0,50,True,0.1,0.613689700130378,0.2642457187175751,0.19065646827220917,0.31731683015823364,0.14544369280338287,0.12697798013687134,0.11891249567270279,0.364414781332016,0.1871574968099594
2.0,200,True,0.1,0.5578009561060409,0.26211050152778625,0.2029135525226593,0.3049929440021515,0.14817273616790771,0.1203000396490097,0.11942294239997864,0.34837087988853455,0.1814352124929428
2.0,2,True,0.4,0.6383311603650587,0.25910624861717224,0.1931389421224594,0.3220205307006836,0.14354859292507172,0.12592299282550812,0.1196770891547203,0.37719646096229553,0.18755780160427094
20.0,200,True,0.2,0.7121251629726206,0.25872594118118286,0.24186170101165771,0.25725817680358887,0.15653067827224731,0.09263581782579422,0.09138781577348709,0.26412275433540344,0.15086373686790466
10.0,2,True,0.1,0.6334637114298132,0.25465741753578186,0.18179698288440704,0.31868109107017517,0.1455414742231369,0.13040728867053986,0.1245003491640091,0.3756648898124695,0.19847293198108673
15.0,200,False,0.1,0.5862668405041287,0.24617116153240204,0.2370201200246811,0.24228402972221375,0.1560382843017578,0.08431379497051239,0.08608955889940262,0.2435610443353653,0.14388424158096313
5.0,200,False,0.1,0.5432420686657975,0.24494069814682007,0.23364455997943878,0.2429700493812561,0.15924136340618134,0.08798811584711075,0.09141921252012253,0.2462877482175827,0.15126822888851166
