club_weight,anneal_cap,latent_dim_domain,prioritize_bias,balanced_accuracy,ndcg@10,ndcg@10_std,ndcg@50,ndcg@50_std,recall@10,recall@10_std,recall@50,recall@50_std
0.1,0.2,200,False,0.597522816166884,0.32685062289237976,0.23696812987327576,0.3412839472293854,0.1657271832227707,0.1373404711484909,0.12254601716995239,0.3598850965499878,0.18329836428165436
0.1,0.2,50,False,0.6452411994784877,0.3263401389122009,0.2248709499835968,0.356904000043869,0.15611962974071503,0.14284929633140564,0.12298540771007538,0.38807833194732666,0.18595825135707855
1.0,0.2,200,False,0.6421121251629727,0.3190231919288635,0.22332355380058289,0.3481823801994324,0.15845337510108948,0.14053033292293549,0.12211425602436066,0.3778426945209503,0.1885547786951065
10.0,0.2,50,True,0.6198174706649283,0.318358451128006,0.24529652297496796,0.33083948493003845,0.1633836179971695,0.12513092160224915,0.10755522549152374,0.3510420620441437,0.17073465883731842
1.0,0.2,200,True,0.6565406345067362,0.312881737947464,0.224567711353302,0.33701539039611816,0.1579691767692566,0.13077424466609955,0.11257124692201614,0.36263585090637207,0.17303237318992615
0.1,0.2,200,True,0.617296827466319,0.3111688792705536,0.21826215088367462,0.3511073887348175,0.1559324413537979,0.1410524696111679,0.12859728932380676,0.38711437582969666,0.18509234488010406
50.0,0.2,50,False,0.6829204693611473,0.30363765358924866,0.23675855994224548,0.31536442041397095,0.1630427986383438,0.12217483669519424,0.11018206179141998,0.3334941864013672,0.17279140651226044
1.0,0.2,50,True,0.6657974793568013,0.3021462857723236,0.22073006629943848,0.3401007652282715,0.16025854647159576,0.13459551334381104,0.122716523706913,0.37634825706481934,0.18228910863399506
1.0,0.2,50,False,0.6978270317253368,0.29873353242874146,0.21527308225631714,0.33323270082473755,0.15750479698181152,0.1302696317434311,0.11424582451581955,0.3662034273147583,0.18312135338783264
10.0,0.2,200,True,0.571316818774446,0.29702651500701904,0.23909059166908264,0.3079391419887543,0.1627301722764969,0.1209813803434372,0.11161033809185028,0.3273526728153229,0.17167319357395172
0.1,0.2,50,True,0.5667535853976532,0.2816305160522461,0.22030094265937805,0.31310001015663147,0.15953299403190613,0.12001600861549377,0.11160910874605179,0.34529566764831543,0.1833484023809433
50.0,0.2,200,False,0.5730551933941764,0.2712922990322113,0.2329092174768448,0.2856767773628235,0.16067367792129517,0.10528533160686493,0.09854401648044586,0.30599552392959595,0.1729801893234253
50.0,0.2,50,True,0.5987831377661886,0.27095112204551697,0.24199439585208893,0.2753462493419647,0.16424259543418884,0.10034234076738358,0.09475863724946976,0.2867208421230316,0.16550427675247192
10.0,0.2,50,False,0.7035202086049543,0.26298439502716064,0.2319706231355667,0.27380260825157166,0.1593291312456131,0.10081294924020767,0.09917348623275757,0.28655582666397095,0.15832336246967316
50.0,0.2,200,True,0.6611038678835289,0.25186166167259216,0.23987507820129395,0.25059476494789124,0.1618581861257553,0.08861560374498367,0.0914226844906807,0.25371989607810974,0.15040133893489838
10.0,0.2,200,False,0.6030421555845284,0.23244522511959076,0.22485458850860596,0.23197798430919647,0.14940862357616425,0.08526246249675751,0.08635663986206055,0.2378295511007309,0.14000676572322845
