lr,weight_decay,hidden_dim,dropout,adv_epochs,balanced_accuracy
0.001,1e-05,200,0.0,100,0.713640907051533
0.001,0.0001,200,0.0,100,0.7109724554380383
0.001,0.0001,200,0.2,100,0.7089984281960218
0.001,1e-05,100,0.0,100,0.7082324859975355
0.001,1e-05,200,0.5,100,0.7069374263859584
0.001,0.0,200,0.2,100,0.7059792078259555
0.0005,1e-05,200,0.0,100,0.7057208826884787
0.0005,0.0,200,0.0,100,0.7046528821976712
0.001,0.0001,100,0.2,100,0.7025050686016888
0.001,0.0,100,0.0,100,0.7017962949036647
0.001,1e-05,50,0.0,100,0.7015756449188707
0.0005,0.0,200,0.5,100,0.7012739788989814
0.001,0.0,50,0.0,100,0.700800657099009
0.001,1e-05,200,0.0,50,0.7005254844469195
0.001,0.0001,100,0.0,100,0.7003429989645942
0.001,0.0,50,0.2,100,0.7003144666850972
0.001,0.0001,200,0.2,50,0.7002924782875768
0.001,0.0,200,0.0,100,0.6997449152564024
0.001,0.0001,100,0.5,100,0.6996906616877592
0.001,0.0001,50,0.0,100,0.6996160355183769
0.0005,0.0001,200,0.5,100,0.699443065582155
0.001,1e-05,200,0.2,100,0.6991534278291407
0.0005,0.0,100,0.2,100,0.6989144047756225
0.001,1e-05,200,0.5,50,0.6982653181544377
0.001,0.0,200,0.2,50,0.6977849742892778
0.001,0.0,100,0.2,100,0.6974191553680662
0.001,0.0,200,0.5,100,0.6972015490065536
0.0005,0.0001,100,0.0,100,0.6970511841950252
0.001,1e-05,100,0.5,100,0.6968461543530674
0.001,0.0,50,0.2,50,0.6967878496340578
0.0005,1e-05,200,0.5,100,0.6964032094947032
0.0005,0.0,200,0.2,100,0.6963933279044088
0.001,1e-05,50,0.2,100,0.6961550462478958
0.0005,0.0001,200,0.0,50,0.6960991211509998
0.0005,0.0001,50,0.0,100,0.6955585514801551
0.0005,1e-05,50,0.0,100,0.6954932887906464
0.001,0.0,100,0.0,50,0.6953416047320906
0.001,0.0,50,0.5,100,0.6951634146542919
0.0005,0.0,200,0.0,50,0.6946530770552317
0.001,1e-05,100,0.2,50,0.6945540588512149
0.0005,0.0001,200,0.2,100,0.6944842260499541
0.0005,1e-05,100,0.5,100,0.694327880585466
0.0005,0.0001,200,0.0,100,0.6940513680835924
0.001,0.0001,100,0.0,50,0.694032335036411
0.0005,0.0,200,0.2,50,0.6939751186908856
0.001,0.0,50,0.0,50,0.6934092006241347
0.001,0.0,100,0.5,100,0.6933176274450419
0.001,0.0,200,0.0,50,0.6931228332510959
0.001,0.0001,200,0.0,50,0.6931060699597849
0.001,0.0001,50,0.0,50,0.6930230379453328
0.0005,1e-05,50,0.2,100,0.6929431195506026
0.0005,0.0,100,0.0,100,0.6928819586296153
0.001,0.0,100,0.5,50,0.692424263202725
0.0001,0.0,200,0.2,100,0.6923880848626985
0.0005,1e-05,100,0.2,100,0.6923489985465003
0.001,1e-05,50,0.0,50,0.6923125493052253
0.0005,1e-05,100,0.0,100,0.6922870535199026
0.001,0.0001,200,0.5,100,0.6922770182982936
0.001,0.0,200,0.5,50,0.6920004264738878
0.0005,0.0001,100,0.2,100,0.6919909484864945
0.0005,1e-05,200,0.2,50,0.6916665360909637
0.0005,1e-05,100,0.0,50,0.6916347017175961
0.001,1e-05,50,0.2,50,0.6914640941298933
0.0005,1e-05,200,0.2,100,0.6910769793101819
0.0005,0.0001,50,0.5,100,0.6908215386295484
0.001,1e-05,100,0.2,100,0.6907000386898958
0.001,1e-05,50,0.5,100,0.690256792232703
0.001,0.0001,50,0.2,50,0.6902309197222782
0.0005,0.0001,50,0.2,100,0.6901187433406316
0.0005,1e-05,100,0.2,50,0.6900488360908072
0.001,1e-05,100,0.0,50,0.6898118532306003
0.0005,1e-05,200,0.5,50,0.689788941944826
0.0005,1e-05,200,0.0,50,0.6897360870101445
0.001,0.0001,50,0.5,100,0.6893829558950711
0.001,0.0001,200,0.5,50,0.6891724754462689
0.0001,0.0001,200,0.2,100,0.6890852915924986
0.001,1e-05,200,0.2,50,0.6890671957746834
0.001,0.0001,50,0.2,100,0.6890013218072035
0.0005,0.0,50,0.2,100,0.6889322173076969
0.0005,0.0001,100,0.0,50,0.688829455425125
0.0005,0.0001,100,0.2,50,0.688713008035096
0.0001,0.0001,200,0.0,100,0.6879457847358736
0.0001,1e-05,200,0.2,100,0.6878883724376621
0.0005,0.0,100,0.0,50,0.6873605309387734
0.001,0.0001,100,0.2,50,0.6873391128719404
0.0005,0.0001,200,0.2,50,0.6871927021634322
0.0005,0.0001,100,0.5,100,0.6870666070047898
0.001,0.0,100,0.2,50,0.6870635276655769
0.0005,0.0,200,0.5,50,0.6870223508769983
0.0005,0.0,50,0.5,100,0.6870142501271835
0.0005,0.0,100,0.5,100,0.6869187826378558
0.001,0.0,50,0.5,50,0.6866532908831029
0.0001,0.0,200,0.0,100,0.6865679321911902
0.0001,0.0,200,0.5,100,0.6862333705222805
0.0005,0.0001,50,0.5,50,0.6857273751060972
0.0005,0.0,50,0.0,100,0.6856832430527048
0.0001,1e-05,200,0.0,100,0.6855697625820341
0.0001,1e-05,200,0.5,100,0.6854818335815696
0.0005,1e-05,50,0.5,100,0.6854140510570563
0.0005,0.0001,200,0.5,50,0.6843113213563603
0.0001,0.0001,200,0.5,100,0.6842513443186424
0.0005,0.0,100,0.5,50,0.6840492460461625
0.0005,0.0001,50,0.0,50,0.683977626114677
0.0005,0.0,100,0.2,50,0.683962979475929
0.0005,1e-05,50,0.0,50,0.6836881729084394
0.0005,0.0001,50,0.2,50,0.6836033670733208
0.0001,0.0,100,0.0,100,0.6834680733387801
0.0001,0.0001,100,0.2,100,0.683289952769617
0.0001,0.0,100,0.2,100,0.6831833595333324
0.001,0.0001,50,0.5,50,0.6831760918119199
0.0001,1e-05,100,0.2,100,0.682688634383195
0.0005,0.0,50,0.2,50,0.6818053538403696
0.001,0.0001,100,0.5,50,0.6814183856077277
0.0005,0.0,50,0.5,50,0.6810262449841289
0.0005,1e-05,50,0.2,50,0.6808579211213314
0.001,1e-05,50,0.5,50,0.6808470950165741
0.0001,0.0001,100,0.0,100,0.6804820653490403
0.0005,1e-05,100,0.5,50,0.6800060575520053
0.0001,1e-05,100,0.5,100,0.679796809414868
0.0005,0.0,50,0.0,50,0.67931419063363
0.001,1e-05,100,0.5,50,0.6790139751359556
0.0001,1e-05,100,0.0,100,0.6786874491772501
0.0005,0.0001,100,0.5,50,0.6786691476750739
0.0001,0.0001,100,0.5,100,0.6775141502663011
0.0001,0.0001,50,0.0,100,0.6766020786010886
0.0005,1e-05,50,0.5,50,0.6757545362412607
0.0001,0.0,50,0.2,100,0.6756302043693638
0.0001,0.0,50,0.0,100,0.6756286744908269
0.0001,0.0,100,0.5,100,0.6755804050758795
0.0001,1e-05,50,0.2,100,0.6744380358449125
0.0001,1e-05,50,0.5,100,0.6742944073716419
0.0001,0.0001,50,0.2,100,0.6724349308865147
0.0001,0.0,50,0.5,100,0.6723377570789983
0.0001,0.0,200,0.0,50,0.6708331207018279
0.0001,1e-05,50,0.0,100,0.6703521158618303
0.0001,1e-05,200,0.0,50,0.6700220711082835
0.0001,0.0,200,0.2,50,0.6698171151738556
0.0001,0.0001,200,0.2,50,0.6675318821755787
0.0001,0.0001,200,0.5,50,0.6656492216872711
0.0001,1e-05,200,0.5,50,0.6645576494544874
0.0001,1e-05,200,0.2,50,0.664164133429962
0.0001,0.0001,200,0.0,50,0.6613982068289932
0.0001,1e-05,100,0.0,50,0.6609984279707917
0.0001,0.0001,50,0.5,100,0.6609714496432411
0.0001,0.0,200,0.5,50,0.6581441665052157
0.0001,0.0001,100,0.0,50,0.6578348822579454
0.0001,0.0,100,0.2,50,0.6569797553391825
0.0001,1e-05,100,0.5,50,0.6543077182339447
0.0001,1e-05,100,0.2,50,0.6539414838214237
0.0001,0.0,100,0.0,50,0.6538890654242421
0.0001,0.0001,100,0.2,50,0.6516600773651064
0.0001,0.0001,50,0.0,50,0.649625066758426
0.0001,0.0,100,0.5,50,0.6482661767813704
0.0001,0.0001,100,0.5,50,0.645077962063823
0.0001,1e-05,50,0.5,50,0.6429165675205976
0.0001,1e-05,50,0.0,50,0.6411821123534935
0.0001,0.0,50,0.0,50,0.6377900060251209
0.0001,0.0001,50,0.2,50,0.6371161242233193
0.0001,0.0,50,0.2,50,0.6362157615898035
0.0001,1e-05,50,0.2,50,0.6337674527310204
0.0001,0.0,50,0.5,50,0.6269392148283508
0.0001,0.0001,50,0.5,50,0.6228343866422263
