anneal_cap,anneal_period,batch_size,epochs,dropout,balanced_accuracy,ndcg@10
0.1,30,1024,100,0.6,0.7268775004251071,0.3555519819259643
0.1,45,1024,100,0.6,0.7113754120205054,0.35344399213790895
0.1,60,1024,100,0.6,0.7169769831941113,0.3527046084403992
0.2,45,256,50,0.6,0.7195606976268711,0.35250123739242556
0.2,45,1024,100,0.4,0.7295329594614797,0.3518822968006134
0.2,60,256,50,0.6,0.7153740060794403,0.35110448598861693
0.2,30,256,50,0.6,0.7228446411813554,0.35098496079444885
0.2,30,1024,100,0.6,0.7217414413818702,0.35080674290657043
0.1,30,1024,100,0.4,0.7148293891211831,0.35075021982193
0.2,60,1024,100,0.6,0.7182859884411217,0.3504946053028107
0.2,45,256,50,0.2,0.7038752307040987,0.3504578590393066
0.1,45,256,50,0.2,0.715892564120568,0.3499023497104645
0.2,45,512,100,0.6,0.7144166959646888,0.3498107254505157
0.1,60,512,100,0.6,0.7108638845918676,0.3496271073818207
0.2,30,1024,100,0.4,0.7130672240596685,0.3495295882225037
0.1,60,1024,100,0.4,0.7327758120477166,0.34934645891189575
0.2,30,256,50,0.2,0.7107342774588369,0.34911271929740906
0.1,45,1024,100,0.4,0.7229600013599978,0.3490412890911102
0.2,60,512,100,0.6,0.710157378268329,0.3487820088863373
0.1,60,256,50,0.4,0.7216461524021818,0.34867733120918276
0.4,30,256,50,0.6,0.710975795839915,0.3486498951911926
0.1,45,256,50,0.4,0.7304799487332886,0.34819819331169133
0.1,60,1024,100,0.2,0.7109931315584787,0.3478634476661682
0.1,60,256,50,0.6,0.7272018471445487,0.3477147579193115
0.2,45,512,100,0.4,0.7226932757390581,0.3476918995380402
0.4,45,512,100,0.4,0.7139183604725291,0.34720920324325566
0.1,30,256,50,0.4,0.7026990413008065,0.3471997737884521
0.1,30,512,100,0.6,0.7113962325091294,0.34706624150276183
0.1,45,1024,100,0.2,0.716814087556826,0.3466213166713715
0.1,45,256,50,0.6,0.714657953592934,0.3462037265300751
0.2,60,256,50,0.4,0.7100573991182573,0.34611233472824093
0.2,60,512,100,0.4,0.71149607523517,0.3460211277008056
0.2,45,1024,100,0.6,0.7223855264916497,0.34595058560371394
0.2,60,1024,100,0.4,0.7234859712022249,0.34594631791114805
0.4,60,1024,100,0.6,0.7010262941352414,0.3458884179592132
0.4,60,1024,100,0.2,0.713028871103973,0.34578862786293035
0.1,30,1024,100,0.2,0.7193638968803562,0.345734018087387
0.4,60,128,50,0.6,0.7035985549381856,0.34561508893966675
0.4,45,512,100,0.6,0.7073896850272164,0.34558320641517637
0.1,30,1024,150,0.6,0.7137219547984481,0.34549692273139954
0.1,45,512,100,0.4,0.7046179903450178,0.3453985214233398
0.2,30,1024,100,0.2,0.7096444475902286,0.3452491581439972
0.2,60,1024,150,0.6,0.7091989115204669,0.3451777279376984
0.4,45,256,50,0.6,0.7165080565403352,0.3451494753360748
0.2,60,256,50,0.2,0.6986703960190459,0.3448330104351044
0.4,30,512,100,0.6,0.7047456114140289,0.3447359919548034
0.4,30,1024,100,0.4,0.7018768005388918,0.3446722388267517
0.2,45,256,50,0.4,0.7172371165094763,0.344654005765915
0.1,60,256,50,0.2,0.7106675917361159,0.34438595175743103
0.1,60,1024,150,0.6,0.7141015321134421,0.3443809270858764
0.2,30,512,100,0.6,0.7127259629068596,0.34435294866561894
0.1,30,256,50,0.6,0.7147276512101355,0.3442675113677979
0.1,45,512,100,0.6,0.72103774020241,0.3440383732318878
0.4,30,1024,100,0.6,0.7197499113563365,0.3440024256706238
0.1,30,512,50,0.2,0.7008293666061242,0.34396402835845946
0.4,60,1024,150,0.6,0.709335129034181,0.34384334087371826
0.4,30,256,50,0.4,0.7292907900370669,0.343810659646988
0.1,30,512,100,0.2,0.7019780109271887,0.34378741979599003
0.4,60,512,100,0.6,0.6967998894133121,0.3437644302845001
0.4,45,256,50,0.4,0.6980989697921824,0.3436692953109741
0.1,60,1024,100,0.0,0.7130224097838099,0.34356160759925836
0.4,45,1024,100,0.4,0.7188964280445426,0.34353426694869993
0.2,30,256,50,0.4,0.7265360517721754,0.34330743551254267
0.4,45,1024,100,0.6,0.7139479930965158,0.34328716397285464
0.4,60,1024,100,0.4,0.7217331617125038,0.34326925873756403
0.2,60,1024,100,0.2,0.7037470694989516,0.34316470623016354
0.1,30,256,50,0.2,0.7191844845915991,0.34304063320159917
0.2,45,1024,100,0.2,0.7186541931654234,0.34296252727508547
0.1,45,1024,100,0.0,0.72158481481116,0.34290835261344915
0.1,30,512,100,0.4,0.7024657523440738,0.34279181957244875
0.1,60,512,50,0.0,0.6967889394104088,0.3427350759506226
0.2,45,1024,150,0.6,0.718829661927769,0.3427144646644592
0.2,30,512,100,0.4,0.7202642507162156,0.3427059829235077
0.1,60,512,50,0.2,0.7020075651701683,0.34265966415405275
0.2,30,1024,150,0.6,0.7220823315926943,0.34255282878875737
0.2,45,1024,100,0.0,0.7174636714614645,0.34249321818351747
0.2,60,512,100,0.2,0.7143613636156703,0.34247150421142575
0.1,30,512,50,0.6,0.7041578253638503,0.34235875010490413
0.1,45,512,100,0.2,0.7006658779068342,0.3422888696193695
0.4,30,256,50,0.2,0.7093519531024544,0.34226334691047666
0.2,60,1024,100,0.0,0.7152902327417445,0.34221854209899905
0.4,60,256,50,0.0,0.7345214360136074,0.34208668470382686
0.4,60,512,100,0.4,0.7119445051910407,0.34203855395317084
0.4,30,1024,100,0.2,0.7129953284823238,0.3419392883777619
0.4,45,512,100,0.0,0.7091495621503577,0.3419201970100403
0.4,30,128,50,0.4,0.7020719224797443,0.341907787322998
0.4,45,1024,150,0.6,0.719697273413704,0.3418441355228424
0.1,60,256,50,0.0,0.7285095924230646,0.3418258905410766
0.4,30,1024,150,0.4,0.6963510377934883,0.341513329744339
0.4,30,128,50,0.2,0.7157389794590396,0.3413293361663818
0.1,45,512,50,0.6,0.7043447226834614,0.34129019975662234
0.1,30,1024,100,0.0,0.7236212829578825,0.34120018482208253
0.1,45,1024,150,0.6,0.7044862799826588,0.3411100089550018
0.4,45,256,50,0.2,0.718297096010443,0.3410294473171234
0.2,45,512,100,0.0,0.7106942163915486,0.341028493642807
0.2,60,256,50,0.0,0.7161588591224611,0.3409174084663391
0.4,30,1024,150,0.6,0.701844400000077,0.34089605808258056
0.1,60,512,50,0.4,0.7009583368915976,0.340793925523758
0.1,45,256,50,0.0,0.7042719572407523,0.34074445962905886
0.2,30,512,100,0.2,0.7180588738898218,0.3406663596630097
0.1,60,512,100,0.4,0.7142419639171556,0.34064034223556516
0.1,60,512,50,0.6,0.71840297844945,0.34052402377128604
0.4,45,256,50,0.0,0.7134369473918067,0.34021596312522884
0.4,60,1024,150,0.4,0.7165400294703004,0.34013432264328003
0.4,60,512,100,0.0,0.7031598318773498,0.3400640547275543
0.2,60,128,50,0.4,0.6990573257666064,0.3399749755859375
0.2,60,512,50,0.2,0.6999707896553323,0.3398228764533996
0.2,30,256,50,0.0,0.7074254710254931,0.33980473279953005
0.4,45,128,50,0.2,0.7054322944718459,0.339697152376175
0.1,60,128,50,0.6,0.7062887218244499,0.3395813882350922
0.8,30,512,100,0.2,0.7050357125799104,0.33957697153091426
0.4,45,1024,100,0.0,0.7214813773241765,0.33952951431274414
0.1,45,128,50,0.6,0.7063065952498004,0.33949441909790035
0.4,45,1024,100,0.2,0.7184330520610742,0.3394931733608246
0.4,60,512,150,0.4,0.7159552409960126,0.3394927024841309
0.8,60,1024,150,0.6,0.7167326365698792,0.3392616271972656
0.1,45,512,50,0.4,0.7075871661383334,0.33908540606498716
0.1,30,256,50,0.0,0.7193558037959834,0.33900617957115176
0.4,60,256,50,0.6,0.7045519628731499,0.3389194071292877
0.4,60,256,50,0.4,0.6946593896239609,0.33856743574142456
0.4,60,512,150,0.6,0.716613486113725,0.33854647874832156
0.2,45,512,100,0.2,0.7093015362546375,0.3383679986000061
0.8,45,512,100,0.2,0.7208848654065163,0.3383612155914306
0.4,30,128,50,0.6,0.7059785770385446,0.3382235050201416
0.2,30,1024,100,0.0,0.7111749761194928,0.33808847665786745
0.1,30,512,50,0.4,0.6948300909295645,0.3380778849124908
0.2,45,256,50,0.0,0.7171832366747277,0.3380764424800873
0.1,45,512,50,0.2,0.7097923772681055,0.33801539540290837
0.1,60,512,100,0.2,0.7034043249990434,0.33786320090293886
0.4,30,512,100,0.4,0.697566072928376,0.33762249350547796
0.8,45,1024,150,0.6,0.7216952106425416,0.3375530660152436
0.8,30,256,50,0.6,0.7226109427618629,0.3375066161155701
0.8,30,512,150,0.6,0.7023387497175957,0.3374541282653809
0.4,30,512,150,0.6,0.716477693142157,0.33743121027946477
0.2,45,1024,150,0.4,0.6988373284874788,0.3374070703983307
0.4,30,256,50,0.0,0.7206595074373167,0.3374058365821838
0.4,30,1024,100,0.0,0.7179073635671454,0.33730878829956057
0.2,45,512,50,0.4,0.7076958818503356,0.3372964322566986
0.8,60,512,100,0.2,0.7214050331066176,0.33726899027824403
0.2,60,512,100,0.0,0.7121494222398543,0.33724288940429686
0.4,45,512,150,0.6,0.6996035777214762,0.3372094571590424
0.2,30,128,50,0.4,0.715790568517142,0.3371937096118927
0.1,30,512,50,0.0,0.7172791793806796,0.3371805608272552
0.8,30,1024,150,0.6,0.7130433807206819,0.33716301918029784
0.2,45,128,50,0.6,0.7066395679408011,0.33714376688003533
0.8,45,256,50,0.6,0.7181970058373667,0.3371029734611511
0.8,45,1024,150,0.2,0.7128011274444572,0.3370059490203858
0.4,45,1024,150,0.2,0.7134329668739885,0.33698811531066897
0.8,30,1024,150,0.2,0.7155671067665534,0.3369858622550964
0.8,60,1024,150,0.4,0.6936278278531758,0.33694871664047243
0.8,45,1024,100,0.6,0.7181090243300849,0.33692477941513066
0.4,60,256,50,0.2,0.7269663886587567,0.3368717670440674
0.8,30,1024,100,0.6,0.705862992691574,0.33680282235145564
0.1,45,512,50,0.0,0.7235088538985498,0.33676258325576786
0.2,45,128,50,0.4,0.704377079260887,0.3366891145706177
0.2,60,128,50,0.6,0.7022879832283015,0.33665404915809627
0.8,45,256,50,0.0,0.7076524008066529,0.33664947152137753
0.8,45,128,50,0.4,0.7113250280398729,0.3365579307079315
0.1,30,1024,150,0.4,0.7074602871773479,0.3365365922451019
0.8,45,128,50,0.6,0.6948025475951863,0.3364680826663971
0.8,30,512,100,0.6,0.7170683346425415,0.33645686507225037
0.4,45,512,100,0.2,0.7123891811831562,0.3364227950572968
0.2,45,512,50,0.2,0.7043194285335785,0.33636705279350276
0.8,45,512,150,0.6,0.693069035871917,0.3363507270812988
0.8,45,512,100,0.4,0.717089858559485,0.33631592988967896
0.8,45,256,50,0.4,0.7184628408037272,0.33628357052803043
0.4,60,1024,100,0.0,0.7094228805187219,0.33617702126502985
0.8,45,256,50,0.2,0.6960304427445809,0.33608001470565796
0.4,45,128,50,0.4,0.7205523218340975,0.33606415390968325
0.1,60,1024,150,0.4,0.7099926987037211,0.33592143654823303
0.4,60,1024,150,0.2,0.7150897143678729,0.3358765602111816
0.8,45,512,100,0.6,0.7153915937325092,0.33574712872505186
0.2,30,1024,150,0.4,0.722011388268495,0.3357379674911499
0.8,45,1024,150,0.4,0.719926617989889,0.3356993019580841
0.8,60,512,100,0.6,0.7176945908562262,0.3356548726558686
0.8,60,256,50,0.6,0.7107241318718034,0.3355880916118622
0.4,30,512,100,0.0,0.7187810334953076,0.3355077922344208
0.8,30,1024,150,0.4,0.7232279393512335,0.33548703789711
0.8,45,512,150,0.4,0.6943056584881085,0.33526867032051083
0.4,45,1024,150,0.4,0.7208841282644822,0.33513504862785337
0.1,30,128,50,0.6,0.7135354292524175,0.3350924134254456
0.2,30,512,50,0.2,0.7074535612438319,0.33509098887443545
0.8,60,256,50,0.4,0.7036903218011771,0.3348767817020416
0.2,60,512,50,0.0,0.7016589025225963,0.33482856750488277
0.2,60,1024,150,0.2,0.7284703384300247,0.3347094297409058
0.2,30,128,50,0.6,0.7078147528187522,0.3346909701824188
0.1,45,1024,150,0.4,0.7066372640130043,0.33465875387191774
0.2,45,512,50,0.0,0.7122198810918499,0.33456093072891235
0.8,30,1024,100,0.4,0.7293433306018533,0.3345075726509094
0.2,30,512,50,0.4,0.7223091407669852,0.33448486924171444
0.1,60,128,50,0.4,0.6965102773763986,0.3343583643436432
0.1,60,512,100,0.0,0.7229198146631967,0.334132444858551
0.8,60,256,50,0.2,0.7060528479330261,0.33409924507141114
0.4,60,128,50,0.4,0.7164302240273954,0.33404606580734253
0.2,60,1024,150,0.4,0.7022738810857436,0.3340156257152557
0.4,45,128,50,0.6,0.7063824624590951,0.3340090930461883
0.2,60,512,50,0.6,0.7026276972076567,0.33395677208900454
0.8,60,1024,100,0.4,0.7239582679296966,0.3339404284954071
0.4,60,512,100,0.2,0.7109247753865972,0.3338957309722901
0.4,30,512,100,0.2,0.708093898147166,0.33388192653656007
0.8,60,512,100,0.4,0.7165831664608725,0.3336899816989899
0.1,45,512,150,0.6,0.7034664825632617,0.3336774408817291
0.8,60,1024,100,0.2,0.7173004563588921,0.33363776803016665
0.8,60,512,150,0.6,0.7256423472003027,0.33355330824851986
0.2,30,512,100,0.0,0.7148232596139535,0.3335158467292786
0.2,45,512,50,0.6,0.7044921113636985,0.33350099921226495
0.8,30,256,50,0.4,0.7231543970910188,0.3333780407905579
0.8,60,1024,150,0.2,0.7129885261180343,0.3333521783351898
0.2,60,512,150,0.6,0.7065374239168271,0.33326460719108586
0.4,60,128,50,0.2,0.7004092170559975,0.33316342830657963
0.4,30,512,150,0.4,0.7107279910708686,0.3330365717411041
0.8,60,512,100,0.0,0.7114827651346126,0.33295309543609625
0.8,30,128,50,0.6,0.6970526535472592,0.33286700844764705
0.1,60,512,150,0.6,0.705894462650291,0.33265718817710876
0.2,45,512,150,0.6,0.7073421079300446,0.3325863003730774
0.8,30,512,100,0.4,0.7227148947969211,0.3325752019882202
0.8,30,1024,100,0.2,0.7300428878790362,0.3325068235397339
0.4,60,1024,150,0.0,0.7115302184090843,0.33250173926353455
0.8,45,512,100,0.0,0.7072014819313086,0.3324182331562042
0.1,30,512,150,0.6,0.6991215616846498,0.33212892413139344
0.2,30,512,50,0.0,0.7232439385920759,0.3320693552494049
0.8,45,512,150,0.2,0.7000921299222852,0.33192664980888364
0.2,45,128,50,0.2,0.7135578402621225,0.3317299902439118
0.2,30,512,50,0.6,0.6985952877357908,0.3316755950450897
0.8,45,1024,100,0.2,0.7372660698651843,0.331634658575058
0.4,45,512,150,0.4,0.7025762718680264,0.33156269788742065
0.8,45,256,100,0.6,0.7050951357410071,0.3315618872642517
0.8,60,128,50,0.6,0.7055975920690581,0.33148893117904665
0.4,30,1024,150,0.2,0.713408806404904,0.33147870302200316
0.8,30,128,50,0.4,0.7058241979281448,0.3313332319259643
0.1,30,1024,50,0.0,0.7254302675041121,0.3312538385391235
0.8,30,256,50,0.2,0.7125938227777475,0.3311382472515106
0.2,30,256,100,0.6,0.6875931007020732,0.33112469911575315
0.8,30,512,150,0.4,0.699845410985338,0.3309983849525452
0.2,30,128,50,0.2,0.704232260941585,0.3309732139110565
0.8,45,1024,150,0.0,0.7100132749493605,0.3309164464473724
0.8,30,512,100,0.0,0.7262215113491015,0.3308879911899566
0.8,60,1024,100,0.0,0.7261900437668201,0.3308528542518616
0.1,30,512,100,0.0,0.7091604761508246,0.33074503540992733
0.4,45,512,150,0.2,0.7092460119204953,0.3306926965713501
0.4,60,128,50,0.0,0.7063883736538697,0.3306848227977753
0.2,60,512,150,0.4,0.7147191267909019,0.3306438863277435
0.4,30,128,50,0.0,0.7160306107078065,0.3306340277194977
0.8,60,256,50,0.0,0.709827932174041,0.33055064678192136
0.1,60,128,50,0.2,0.700018605745673,0.3305282950401306
0.8,45,1024,100,0.0,0.733398928075824,0.33037033677101135
0.2,30,1024,150,0.2,0.7053083866428658,0.3302860796451569
0.2,60,512,50,0.4,0.6779228804748065,0.3302744150161743
0.4,45,256,100,0.6,0.6971078431918316,0.33016798496246336
0.8,30,1024,150,0.0,0.7127285102169695,0.33004946708679195
0.2,45,1024,150,0.2,0.7098079883566744,0.329883337020874
0.8,45,128,50,0.2,0.7129135269388207,0.32987892627716064
0.8,60,1024,150,0.0,0.7104896583247057,0.3297207474708557
0.1,45,128,50,0.4,0.6856252930953093,0.32959872484207153
0.1,30,1024,150,0.2,0.7128523020917926,0.32952656149864196
0.1,30,1024,50,0.4,0.718555706983594,0.3293988823890686
0.8,60,128,50,0.0,0.7015939239693109,0.3293203830718995
0.8,60,512,150,0.4,0.6922776569021378,0.3293127536773682
0.8,30,256,50,0.0,0.7175746104566333,0.32924983501434324
0.8,30,1024,100,0.0,0.7211829897485845,0.3291709780693054
0.8,60,1024,100,0.6,0.7086489914180112,0.32899315357208253
0.2,30,1024,50,0.6,0.7015979486637824,0.3289824187755585
0.4,30,512,50,0.0,0.7005607773186237,0.3289795100688935
0.8,30,512,150,0.2,0.6970896252668821,0.3289499878883362
0.1,30,128,50,0.4,0.7031180810504845,0.3289431393146515
0.8,45,128,50,0.0,0.7047284521343746,0.3289234578609467
0.1,45,128,50,0.2,0.7147195071975786,0.3288654625415802
0.8,30,256,100,0.4,0.6894073744650355,0.3285259187221527
0.4,45,512,50,0.4,0.7054299357693998,0.32850288748741147
0.8,45,1024,100,0.4,0.7197404056278687,0.32847672700881964
0.4,60,512,150,0.2,0.695611677539082,0.3283749341964722
0.8,60,128,50,0.4,0.6942533274424855,0.32828062176704403
0.4,30,512,150,0.2,0.7254965817619163,0.3282202482223511
0.2,30,512,150,0.6,0.702320261508892,0.3281370043754578
0.1,30,1024,50,0.6,0.7090431757693494,0.3279069662094116
0.1,45,1024,50,0.0,0.7127079525574649,0.3273357450962066
0.2,60,128,50,0.0,0.7202744703140984,0.32727762460708615
0.4,60,512,50,0.6,0.7051880265872821,0.32708297371864314
0.8,60,256,100,0.6,0.6951536389047863,0.327081423997879
0.1,45,1024,50,0.2,0.698981101297964,0.32707130908966064
0.4,45,1024,150,0.0,0.7131485604700127,0.32697076797485347
0.4,45,512,50,0.2,0.7054264130339649,0.32690325379371643
0.4,60,256,100,0.6,0.7000486449503208,0.32687361240386964
0.1,45,1024,50,0.4,0.6976137368917195,0.3267214119434357
0.8,45,512,150,0.0,0.7136225307965754,0.32655531167984003
0.4,45,256,100,0.4,0.702307090033609,0.32649860382080076
0.2,45,512,150,0.4,0.7091911717689164,0.32649766802787783
0.1,45,1024,150,0.2,0.7135354616550721,0.3263093411922455
0.8,60,512,150,0.2,0.7116694583743055,0.3260176718235016
0.1,30,1024,50,0.2,0.70989430589602,0.32593877911567687
0.2,60,512,150,0.2,0.7183536083592559,0.32589181661605837
0.8,30,512,150,0.0,0.704735530677144,0.325732159614563
0.4,30,256,100,0.4,0.7003971657505528,0.3257039964199066
0.8,30,256,100,0.6,0.7071356770476698,0.3256673276424408
0.2,30,1024,50,0.2,0.717364685031453,0.3255914807319641
0.2,45,512,150,0.2,0.7008307028722007,0.32556923031806945
0.1,60,1024,150,0.2,0.7052781025771572,0.32546216845512393
0.8,30,128,50,0.2,0.7072324861004511,0.3253882586956024
0.4,30,512,50,0.6,0.70623260081028,0.32518569231033323
0.1,60,1024,50,0.6,0.696326137830281,0.32512655258178713
0.1,60,1024,50,0.4,0.7059357565668523,0.32512290477752687
0.2,45,256,100,0.6,0.6989786694369594,0.3250996232032776
0.4,45,512,50,0.6,0.7207485362535166,0.32496916055679326
0.1,60,512,150,0.4,0.7089407814078033,0.32483982443809506
0.4,30,512,50,0.4,0.7023671959600903,0.32450991272926333
0.1,45,1024,50,0.6,0.7100148190628814,0.3244415700435639
0.8,60,256,100,0.4,0.7216372439450314,0.32423898577690125
0.4,45,512,50,0.0,0.7085646337773621,0.32422196865081787
0.2,30,1024,50,0.4,0.7118337173361675,0.32412045598030087
0.1,45,512,150,0.4,0.712587275531215,0.3241129100322723
0.2,30,512,150,0.2,0.7100773281439114,0.3240644812583923
0.1,30,128,50,0.2,0.7109738205830942,0.32400915026664734
0.2,60,128,50,0.2,0.7086904902730424,0.3239146709442139
0.1,45,512,100,0.0,0.7109689587992225,0.32389940619468693
0.4,60,512,150,0.0,0.7136705162757708,0.32378751039505005
0.1,60,1024,50,0.2,0.6976749388929238,0.32346198558807376
0.4,30,512,150,0.0,0.7067177488124856,0.3234332323074341
0.4,60,512,50,0.0,0.7159198568724466,0.3232862532138825
0.1,60,128,50,0.0,0.7053246154933865,0.3232370615005493
0.2,30,1024,50,0.0,0.7191182562526508,0.32315329313278196
0.8,60,512,150,0.0,0.7007749341847658,0.32281947135925293
0.2,30,512,150,0.4,0.7208966040778149,0.3227813184261322
0.8,60,256,100,0.2,0.7037460067338882,0.3226961255073547
0.4,30,256,100,0.6,0.7047248035641003,0.32249746918678285
0.2,45,128,50,0.0,0.7112769640076951,0.3224151074886322
0.4,30,512,50,0.2,0.7013733362315957,0.3223824024200439
0.2,45,1024,50,0.6,0.7110236022410205,0.32205868363380435
0.4,60,512,50,0.4,0.7165363692309361,0.3220563232898712
0.4,60,256,100,0.4,0.7133002173159347,0.3220397055149078
0.1,45,1024,150,0.0,0.6987104528330825,0.3218620359897613
0.2,60,1024,50,0.6,0.7179125639947306,0.3218361854553223
0.8,30,128,50,0.0,0.7140410836501001,0.3217472553253174
0.2,60,256,100,0.6,0.7071214544989808,0.3216838121414184
0.8,45,256,100,0.4,0.6930269558247988,0.32167561650276183
0.4,45,128,50,0.0,0.7127242842927193,0.32128793001174927
0.2,45,1024,50,0.0,0.7142744985314433,0.3208668231964112
0.4,60,512,50,0.2,0.7160539368142186,0.32075297832489014
0.4,30,1024,150,0.0,0.7039820607530913,0.3206665575504303
0.2,30,1024,150,0.0,0.7171470225463541,0.3204570770263672
0.2,60,1024,150,0.0,0.7083718586606391,0.320378965139389
0.1,60,1024,50,0.0,0.7103256029079213,0.3202652931213379
0.1,30,512,150,0.4,0.708223585706945,0.32014030814170835
0.1,60,256,100,0.6,0.7115068168164501,0.3200584828853607
0.8,60,512,50,0.4,0.7091166637409654,0.32005152106285095
0.2,60,1024,50,0.4,0.7148013142471342,0.3198682844638825
0.2,45,256,100,0.4,0.6868780279528324,0.3197429537773132
0.2,45,1024,50,0.2,0.6982005515783529,0.31967617869377135
0.8,60,128,50,0.2,0.7155031238090643,0.3196338415145874
0.2,60,1024,50,0.2,0.7178133387317934,0.3194256484508514
0.2,45,1024,150,0.0,0.703989113653124,0.31935517787933354
0.2,30,128,50,0.0,0.7074113212959292,0.3192990720272064
0.4,45,256,100,0.2,0.7056644873881582,0.3192294597625732
0.2,60,256,100,0.4,0.7075481518526958,0.31891070008277894
0.2,30,256,100,0.4,0.7173641984714176,0.3188989579677582
0.4,30,1024,50,0.4,0.720748554865573,0.3185892164707184
0.8,30,512,50,0.4,0.7061796851364717,0.31845938563346865
0.4,45,512,150,0.0,0.7132408612088477,0.3182606101036072
0.1,45,256,100,0.6,0.716284980700568,0.31823418736457826
0.8,30,256,100,0.2,0.7074759049566479,0.31822798252105716
0.2,45,1024,50,0.4,0.707450022249061,0.3177185237407685
0.1,45,128,50,0.0,0.7247174543111862,0.31740940809249873
0.2,60,512,150,0.0,0.7168508768664714,0.3172774493694306
0.1,45,512,150,0.2,0.714583481365635,0.3170440196990967
0.2,60,1024,50,0.0,0.7080663989101322,0.3169441819190979
0.8,45,512,50,0.0,0.7086959399132293,0.3164116859436035
0.4,45,1024,50,0.4,0.7201234274878885,0.3157399296760559
0.8,30,256,100,0.0,0.6999132800836411,0.3157141745090485
0.4,30,1024,50,0.2,0.7079473851982054,0.31554889678955084
0.8,30,512,50,0.2,0.6957742510193237,0.3153470039367675
0.8,60,512,50,0.2,0.7108030137992777,0.31526085138320925
0.8,30,512,50,0.6,0.6887863535016404,0.31525132656097415
0.8,45,256,100,0.0,0.7028220092335934,0.31524757146835325
0.1,60,1024,150,0.0,0.701741797975775,0.31514781117439267
0.8,45,256,100,0.2,0.6939209767988743,0.3150861442089081
0.4,30,1024,50,0.0,0.7189076301153241,0.3148858368396759
0.8,60,512,50,0.6,0.697851697102793,0.31486151218414304
0.4,30,256,100,0.2,0.7054190575728527,0.31481840014457696
0.4,30,1024,50,0.6,0.7211118824434424,0.31457308530807493
0.8,45,512,50,0.4,0.7053917486912188,0.31456752419471734
0.1,30,128,50,0.0,0.7058547661776428,0.3141693532466889
0.4,60,256,100,0.2,0.7056559795926585,0.3139688849449158
0.4,45,1024,50,0.2,0.7249422097016104,0.313381689786911
0.8,60,512,50,0.0,0.6961657800065729,0.31255534887313846
0.4,60,1024,50,0.4,0.7107593909839713,0.31250173449516294
0.8,45,512,50,0.2,0.7065665938909905,0.3123662114143372
0.1,30,1024,150,0.0,0.7165803196936262,0.31235094070434566
0.8,30,512,50,0.0,0.7094645478608537,0.3121958553791046
0.1,60,256,100,0.4,0.7191012483266421,0.3117788076400757
0.8,45,512,50,0.6,0.7039341233782435,0.31177285909652713
0.1,30,256,100,0.6,0.6864277514799206,0.3117481589317322
0.2,30,512,150,0.0,0.7037873739235169,0.31140851378440854
0.4,60,256,100,0.0,0.6981867835426648,0.3113030791282654
0.2,30,256,100,0.2,0.715123169553665,0.3109975755214691
0.8,60,256,100,0.0,0.6997009627536843,0.3105656087398529
0.1,45,256,100,0.4,0.7106338390202425,0.31047115921974183
0.2,45,512,150,0.0,0.7013715876239344,0.310165137052536
0.1,60,512,150,0.2,0.7154522082700492,0.30955660343170166
0.4,45,1024,50,0.6,0.6942853611280492,0.3093982696533203
0.4,45,1024,50,0.0,0.7091191659938392,0.3090995371341705
0.4,60,1024,50,0.0,0.7059353550589453,0.30908112525939946
0.4,60,1024,50,0.2,0.7139797223628569,0.30858059525489806
0.1,30,256,100,0.4,0.7106641032930381,0.30788845419883726
0.2,45,256,100,0.2,0.7068271993956181,0.3077856838703156
0.2,60,256,100,0.2,0.7058447510983611,0.3074539840221405
0.1,45,256,100,0.2,0.7248082443310027,0.30663181543350215
0.1,60,512,150,0.0,0.7141941285269591,0.30659199357032774
0.4,45,256,100,0.0,0.6981522199433405,0.30646119117736814
0.4,60,1024,50,0.6,0.7077243300405952,0.3059968292713165
0.1,45,512,150,0.0,0.7111307263163336,0.3056073069572449
0.4,30,256,100,0.0,0.6981519515367036,0.30464290380477904
0.1,60,256,100,0.2,0.7074391363140607,0.3039598524570465
0.8,30,1024,50,0.2,0.6991459530487901,0.3033640682697296
0.1,30,512,150,0.0,0.7010747107337085,0.30255853533744814
0.1,30,512,150,0.2,0.6998235806707362,0.30206325054168703
0.8,45,1024,50,0.0,0.7050319867854065,0.30131819248199465
0.8,30,1024,50,0.0,0.7207463743940365,0.3011087596416473
0.2,45,256,100,0.0,0.7077711097779622,0.3007237195968628
0.8,60,1024,50,0.6,0.711580655006844,0.300184828042984
0.8,45,1024,50,0.2,0.7256939360780517,0.2996460497379303
0.8,30,1024,50,0.4,0.7225870671557504,0.29933602213859556
0.8,60,1024,50,0.0,0.7094501175576547,0.29918493032455445
0.8,45,1024,50,0.4,0.7198782536630306,0.299056750535965
0.1,30,256,100,0.2,0.6915130409610927,0.2988661348819733
0.8,60,1024,50,0.2,0.7149064764371038,0.29883283376693726
0.8,60,1024,50,0.4,0.7025288329489786,0.2987777292728424
0.8,30,1024,50,0.6,0.7130484324851203,0.2981845855712891
0.8,45,1024,50,0.6,0.7184778135692854,0.2973005771636963
0.2,30,256,100,0.0,0.7173412702819559,0.2957592785358429
0.8,30,128,100,0.6,0.6991062146415404,0.2956214785575867
0.8,60,256,150,0.6,0.7024584643710862,0.2938214659690857
0.2,60,256,100,0.0,0.7103997646280178,0.29371252059936526
0.8,60,128,100,0.6,0.7156907949771676,0.293042927980423
0.8,45,128,100,0.6,0.6919109407801005,0.29186150431632996
0.8,30,256,150,0.6,0.6961842628734949,0.2915371716022492
0.4,60,256,150,0.6,0.6999163875173031,0.29115251898765565
0.8,45,256,150,0.6,0.6923668560951135,0.2898257374763489
0.1,60,256,100,0.0,0.7126748789818212,0.28925248980522156
0.4,45,256,150,0.6,0.6999885172582153,0.28906827569007876
0.8,45,128,100,0.4,0.7022917388878991,0.2885717511177063
0.4,30,128,100,0.6,0.7044332822539019,0.28831360936164857
0.1,45,256,100,0.0,0.7093273258084917,0.2877947807312012
0.2,60,256,150,0.6,0.7126583804545101,0.2876945436000824
0.2,30,128,100,0.6,0.710927746924694,0.28739230036735536
0.8,30,256,150,0.4,0.7007451808753613,0.28687602281570435
0.1,30,256,100,0.0,0.7039510302464328,0.2866430401802063
0.8,45,256,150,0.4,0.6825303084347626,0.28660852909088136
0.4,45,128,100,0.6,0.6889680916152475,0.2843336284160614
0.2,45,256,150,0.6,0.7096022004864898,0.28423959016799927
0.4,60,128,100,0.6,0.7027995309522086,0.28406595587730404
0.4,30,128,100,0.4,0.6911821695618793,0.2840522348880768
0.2,45,128,100,0.6,0.704643494358351,0.28403428792953495
0.8,60,128,100,0.4,0.7126779203625373,0.28353474736213685
0.2,60,128,100,0.6,0.7092613473945839,0.28340485095977785
0.2,30,256,150,0.6,0.6966833113460671,0.28280367851257326
0.4,45,256,150,0.4,0.7027643875103728,0.2827973306179047
0.8,30,128,100,0.4,0.6965505808128429,0.28199006319046016
0.4,30,256,150,0.6,0.6909984328079246,0.28178624510765077
0.8,45,256,150,0.2,0.6991777887824162,0.2817208528518677
0.4,30,256,150,0.4,0.7041890045126447,0.2816039741039276
0.4,60,256,150,0.4,0.6981149515374858,0.28042303323745726
0.8,30,128,100,0.2,0.7107117112696473,0.28039517998695374
0.8,30,256,150,0.2,0.6971489733974494,0.2800625681877136
0.1,60,256,150,0.6,0.7091150044249364,0.2799382865428925
0.4,60,128,100,0.4,0.7161941619679362,0.27966537475585934
0.1,60,128,100,0.6,0.7064360513182518,0.27956440448760983
0.1,45,256,150,0.6,0.7025606931655826,0.27955393195152284
0.4,45,128,100,0.4,0.6995220294997675,0.27944648861885074
0.1,45,128,100,0.6,0.698087207191062,0.27943831086158755
0.8,60,256,150,0.4,0.7088788990449667,0.2794265985488892
0.8,60,256,150,0.2,0.695967367175698,0.2792366921901703
0.1,30,128,100,0.6,0.698891304068292,0.2772086679935455
0.2,45,128,100,0.4,0.6864221611951912,0.2763039588928223
0.8,60,128,100,0.2,0.7122311578314944,0.2762157261371613
0.8,45,128,100,0.2,0.6927869195492331,0.27618931531906127
0.2,60,256,150,0.4,0.7080241212558318,0.2760467708110809
0.2,30,256,150,0.4,0.7067082647173633,0.2746905982494354
0.1,30,256,150,0.6,0.7127580377586467,0.2743129551410675
0.2,45,256,150,0.4,0.7079557620362271,0.2741914689540863
0.4,30,256,150,0.2,0.7013968752087785,0.2736592829227448
0.2,60,256,150,0.2,0.7040090520207088,0.2735231578350067
0.4,60,256,150,0.2,0.7082442572272886,0.2724660158157349
0.4,60,128,100,0.2,0.6915499386536677,0.2720791161060333
0.4,45,128,100,0.2,0.705599859825225,0.2719187617301941
0.2,60,128,100,0.4,0.7130377159155967,0.2718251347541809
0.2,30,128,100,0.4,0.6912597335383153,0.2715827286243439
0.8,30,128,100,0.0,0.6826059486924683,0.2708022713661194
0.1,60,256,150,0.4,0.7066053200789844,0.2707919716835022
0.1,30,256,150,0.4,0.7149869248657138,0.27069689631462096
0.1,60,128,100,0.4,0.701565046678186,0.2697643518447876
0.2,45,256,150,0.2,0.6830617867604608,0.26917721033096315
0.4,30,128,100,0.2,0.6917435315483814,0.26904425024986267
0.4,45,256,150,0.2,0.6880173346810241,0.26816136240959165
0.8,30,256,150,0.0,0.697581863506833,0.2679872870445251
0.2,45,128,100,0.2,0.7084543210723034,0.2678218841552734
0.1,45,256,150,0.4,0.703942691641966,0.26755210757255554
0.2,30,256,150,0.2,0.6909000447516516,0.2675185322761536
0.1,45,128,100,0.4,0.6934976662628134,0.2667465090751648
0.8,60,128,100,0.0,0.7134657392858778,0.2664450824260712
0.2,60,128,100,0.2,0.7028506268593273,0.2660731494426727
0.8,45,128,100,0.0,0.6977732528918267,0.26597160696983335
0.8,60,256,150,0.0,0.6986088859889774,0.26543369293212893
0.1,30,128,100,0.4,0.7038738698798886,0.264636242389679
0.1,60,256,150,0.2,0.7047938068516458,0.262761652469635
0.2,30,128,100,0.2,0.7101411639915374,0.26273839473724364
0.8,45,256,150,0.0,0.6926054879030701,0.2608773648738861
0.4,30,256,150,0.0,0.7087977817939835,0.26079911589622495
0.4,45,256,150,0.0,0.688360688830824,0.2593135178089142
0.1,30,128,100,0.2,0.7152197318402775,0.2587747812271118
0.4,60,128,100,0.0,0.6871731367199163,0.25872663259506223
0.1,45,256,150,0.2,0.7051189429700193,0.25853644609451293
0.4,45,128,100,0.0,0.6918801369435739,0.25770374536514284
0.1,30,256,150,0.2,0.7000944114231316,0.25737208724021915
0.4,30,128,100,0.0,0.6922958488788649,0.2564172387123108
0.1,60,128,100,0.2,0.6993320642411982,0.2557777613401413
0.4,60,256,150,0.0,0.685518443234143,0.25489395558834077
0.2,60,256,150,0.0,0.7079033060104765,0.25469880700111386
0.2,45,256,150,0.0,0.7032274203545665,0.25238188803195954
0.8,45,128,150,0.6,0.6850036051841892,0.252132385969162
0.1,45,128,100,0.2,0.7030752268062006,0.25177153646945954
0.2,30,128,100,0.0,0.6888439165573921,0.2515108585357666
0.8,30,128,150,0.6,0.7029102056177803,0.24987420439720154
0.2,45,128,100,0.0,0.694356354190226,0.24975201189517973
0.2,30,256,150,0.0,0.6898695444397058,0.24967153668403624
0.4,60,128,150,0.6,0.7007874342396789,0.24830436408519746
0.4,45,128,150,0.6,0.6958482455919788,0.24736757576465607
0.2,60,128,100,0.0,0.6975666352323608,0.24707030057907103
0.4,30,128,150,0.6,0.6894442951031788,0.2467455238103866
0.1,60,256,150,0.0,0.698371866529095,0.24530356228351594
0.1,45,256,150,0.0,0.7096544151050839,0.24490977227687835
0.1,60,128,100,0.0,0.7095404865526524,0.24406448900699615
0.1,30,256,150,0.0,0.710934456319286,0.24338024258613586
0.8,60,128,150,0.6,0.6918370703055207,0.24292761385440825
0.2,60,128,150,0.6,0.6847902129346282,0.24290259182453156
0.8,60,128,150,0.4,0.702567521936351,0.24191764593124393
0.1,45,128,100,0.0,0.7025761557394764,0.24180316329002383
0.8,45,128,150,0.4,0.6877718411083488,0.24158904254436495
0.2,45,128,150,0.6,0.6969844282838601,0.23996601402759554
0.1,45,128,150,0.6,0.6953104974148182,0.23976108431816104
0.1,60,128,150,0.6,0.6998242234474772,0.23947240114212037
0.1,30,128,150,0.6,0.7093970857249623,0.23897637724876405
0.1,30,128,100,0.0,0.7021039604771646,0.2375068783760071
0.8,30,128,150,0.4,0.7038377226203203,0.2374963194131851
0.2,30,128,150,0.6,0.707467887195234,0.2371909856796265
0.8,45,128,150,0.2,0.7049569658508164,0.23582969009876253
0.2,60,128,150,0.4,0.7123178611806464,0.2354390263557434
0.4,60,128,150,0.4,0.6894562266395607,0.23492320179939274
0.4,30,128,150,0.4,0.7011512690014902,0.23435409665107726
0.8,60,128,150,0.2,0.7084067448213877,0.23378785252571105
0.2,45,128,150,0.4,0.7106828756621529,0.23334184288978577
0.2,30,128,150,0.4,0.7047680838479572,0.233158677816391
0.8,30,128,150,0.2,0.6846622727439287,0.23248189091682434
0.4,30,128,150,0.2,0.6919301792474806,0.23100962042808532
0.1,45,128,150,0.4,0.7058843796457581,0.2304136246442795
0.4,45,128,150,0.2,0.694118494393329,0.23021903038024902
0.4,45,128,150,0.4,0.6872386666705801,0.2294820100069046
0.2,45,128,150,0.2,0.7050874794483433,0.22936617732048037
0.1,30,128,150,0.4,0.6994147057535077,0.22931637763977053
0.2,60,128,150,0.2,0.7125165687632682,0.2280761182308197
0.1,60,128,150,0.4,0.6989958016630455,0.226400426030159
0.4,60,128,150,0.2,0.7049360523079591,0.22638155817985534
0.2,30,128,150,0.2,0.6969528004998466,0.22495371103286743
0.1,45,128,150,0.2,0.7163507276556319,0.22477488219738007
0.8,30,128,150,0.0,0.6934460864973657,0.22275858223438266
0.8,45,128,150,0.0,0.6891397985795407,0.2219769597053528
0.1,30,128,150,0.2,0.6956771018626857,0.22096479237079622
0.8,60,128,150,0.0,0.6944014346027685,0.2209125965833664
0.4,60,128,150,0.0,0.6978315711780035,0.2185390740633011
0.1,60,128,150,0.2,0.7162636325487894,0.2183327406644821
0.4,45,128,150,0.0,0.7008613485061415,0.21786314249038694
0.4,30,128,150,0.0,0.6837488504458927,0.21510553658008574
0.1,60,128,150,0.0,0.7021215144622257,0.21397447884082793
0.2,60,128,150,0.0,0.7009865035733069,0.21354812383651733
0.1,30,128,150,0.0,0.7094212722528752,0.21141080558300016
0.2,30,128,150,0.0,0.6908710763453674,0.21113915145397188
0.2,45,128,150,0.0,0.6902218011994619,0.20987163484096527
0.1,45,128,150,0.0,0.7067308776115182,0.2096787184476852
