club_weight,estimator,mi_logvar,latent_dim_domain,prioritize_bias,anneal_cap,anneal_period,batch_size,epochs,dropout,balanced_accuracy,ndcg@10
10.0,L1Out,0.0,200,True,0.1,45,1024,100,0.6,0.7348314976082312,0.18412751853466033
5.0,MINE,0.0,200,True,0.1,45,1024,100,0.6,0.7167196336660555,0.18266106843948365
40.0,L1Out,0.0,200,True,0.1,45,1024,100,0.6,0.7161861995341008,0.1858440488576889
2.0,L1Out,0.0,200,True,0.1,45,1024,100,0.6,0.7154739586284162,0.18469450175762175
160.0,L1Out,0.0,200,True,0.1,45,1024,100,0.6,0.7121821598310645,0.18427710235118866
1.5,L1Out,0.0,200,True,0.1,45,1024,100,0.6,0.7120127000462737,0.18376184701919557
1.0,L1Out,0.0,200,True,0.1,45,1024,100,0.6,0.7113587402479498,0.18546442985534667
2.0,MINE,0.0,200,True,0.1,45,1024,100,0.6,0.7081709363696862,0.18208077549934387
10.0,MINE,0.0,200,True,0.1,45,1024,100,0.6,0.7011606816698622,0.18549602925777436
1.5,MINE,0.0,200,True,0.1,45,1024,100,0.6,0.7005160791336336,0.18283456861972808
20.0,L1Out,0.0,200,True,0.1,45,1024,100,0.6,0.7001042747495867,0.18463712036609647
160.0,MINE,0.0,200,True,0.1,45,1024,100,0.6,0.6970705188832903,0.18211325407028198
40.0,MINE,0.0,200,True,0.1,45,1024,100,0.6,0.6956769044852772,0.17995704114437103
20.0,MINE,0.0,200,True,0.1,45,1024,100,0.6,0.6950290431093156,0.1830826222896576
80.0,MINE,0.0,200,True,0.1,45,1024,100,0.6,0.6830992405277243,0.18000797033309934
5.0,L1Out,0.0,200,True,0.1,45,1024,100,0.6,0.6824290052577482,0.18249353468418122
1.0,MINE,0.0,200,True,0.1,45,1024,100,0.6,0.6790005649278603,0.17249847352504732
80.0,L1Out,0.0,200,True,0.1,45,1024,100,0.6,0.6751409892065346,0.1837291419506073
1.0,CLUB,0.0,200,True,0.1,45,1024,100,0.6,0.552318040088688,0.14411856830120087
1.5,VUB,0.0,200,True,0.1,45,1024,100,0.6,0.5449619264751469,0.1291700154542923
1.0,VUB,0.0,200,True,0.1,45,1024,100,0.6,0.5441770130753284,0.13738810122013093
2.0,CLUB,0.0,200,True,0.1,45,1024,100,0.6,0.5393952876683494,0.13416903913021086
1.5,CLUB,0.0,200,True,0.1,45,1024,100,0.6,0.5351939991570301,0.13859309256076813
2.0,VUB,0.0,200,True,0.1,45,1024,100,0.6,0.5279418483240101,0.12604928016662598
160.0,VUB,0.0,200,True,0.1,45,1024,100,0.6,0.5114095500459137,0.11827690154314043
40.0,VUB,0.0,200,True,0.1,45,1024,100,0.6,0.5061395586271892,0.11881232410669326
80.0,VUB,0.0,200,True,0.1,45,1024,100,0.6,0.5032207467839644,0.11833980232477187
20.0,CLUB,0.0,200,True,0.1,45,1024,100,0.6,0.5021633409497281,0.11736401170492174
20.0,VUB,0.0,200,True,0.1,45,1024,100,0.6,0.5004463739757857,0.11762201935052871
5.0,CLUB,0.0,200,True,0.1,45,1024,100,0.6,0.5001860056906422,0.12195462584495544
80.0,CLUB,0.0,200,True,0.1,45,1024,100,0.6,0.5,0.11747787296772003
40.0,CLUB,0.0,200,True,0.1,45,1024,100,0.6,0.5,0.11753743439912795
160.0,CLUB,0.0,200,True,0.1,45,1024,100,0.6,0.5,0.11752118021249772
5.0,VUB,0.0,200,True,0.1,45,1024,100,0.6,0.49843429158110886,0.1248187556862831
10.0,CLUB,0.0,200,True,0.1,45,1024,100,0.6,0.49824144476550897,0.12172764986753465
10.0,VUB,0.0,200,True,0.1,45,1024,100,0.6,0.49761293634496917,0.11905328035354613

