mi_est,weight,balanced_accuracy,ndcg@10
L1Out,0.3,0.6919555551944241,0.3132568120956421
VUB,0.3,0.6909168445701295,0.31065171360969546
MINE,0.3,0.6880365580772368,0.31305201053619386
CLUB,0.3,0.679142962688733,0.3091026425361633
CLUB,0.5,0.6688424335216825,0.3012662708759308

mi_est,weight,balanced_accuracy,ndcg@10
CLUB,0.4,0.6598152797705968,0.29680784344673156
L1Out,0.4,0.6550283089729074,0.29163120985031127
VUB,0.4,0.647080429903224,0.3002111971378326

L1Out,0.4,0.6647454346092023,0.29536036252975467
CLUB,0.4,0.662865916019386,0.2937723040580749
VUB,0.4,0.6624498523771551,0.30013465285301205
